VendorID,tpep_pickup_datetime,tpep_dropoff_datetime,passenger_count,trip_distance,RatecodeID,store_and_fwd_flag,PULocationID,DOLocationID,payment_type,fare_amount,extra,mta_tax,tip_amount,tolls_amount,improvement_surcharge,total_amount,congestion_surcharge
1,2021-02-01 00:40:47,2021-02-01 00:48:28,1,2.30,1,N,141,226,2,8.5,3,0.5,0,0,0.3,12.3,2.5
1,2021-02-01 00:07:44,2021-02-01 00:20:31,1,1.60,1,N,43,263,2,9.5,3,0.5,0,0,0.3,13.3,0
1,2021-02-01 00:59:36,2021-02-01 01:24:13,1,5.30,1,N,114,263,2,19,3,0.5,0,0,0.3,22.8,2.5
2,2021-02-01 00:03:26,2021-02-01 00:16:32,1,2.79,1,N,236,229,1,11,0.5,0.5,2.96,0,0.3,17.76,2.5
2,2021-02-01 00:20:20,2021-02-01 00:24:03,2,.64,1,N,229,140,1,4.5,0.5,0.5,1.66,0,0.3,9.96,2.5
2,2021-02-01 00:55:03,2021-02-01 01:03:39,1,1.97,1,N,238,75,1,8.5,0.5,0.5,1.96,0,0.3,11.76,0
1,2021-02-01 00:09:22,2021-02-01 00:53:48,1,26.60,1,N,132,200,1,69,0.5,0.5,0,6.12,0.3,76.42,0
2,2021-02-01 00:52:15,2021-02-01 01:16:24,4,6.07,1,N,249,181,1,21,0.5,0.5,6.2,0,0.3,31,2.5
1,2021-02-01 00:08:29,2021-02-01 00:21:22,1,2.00,1,N,79,246,1,9,3,0.5,3.2,0,0.3,16,2.5
1,2021-02-01 00:28:13,2021-02-01 00:31:40,1,.80,1,Y,75,74,2,5,0.5,0.5,0,0,0.3,6.3,0
1,2021-02-01 00:17:42,2021-02-01 00:28:23,1,2.10,1,N,74,24,2,9,0.5,0.5,0,0,0.3,10.3,0
1,2021-02-01 00:25:10,2021-02-01 00:25:38,1,.00,1,N,113,113,4,2.5,3,0.5,0,0,0.3,6.3,2.5
1,2021-02-01 00:23:48,2021-02-01 00:34:59,1,2.80,1,N,90,229,1,11,3,0.5,3.7,0,0.3,18.5,2.5
2,2021-02-01 00:18:31,2021-02-01 00:46:45,1,8.08,1,N,75,88,1,26.5,0.5,0.5,6.06,0,0.3,36.36,2.5
2,2021-02-01 00:33:38,2021-02-01 00:55:59,2,6.41,1,N,132,122,2,21,0.5,0.5,0,0,0.3,22.3,0
2,2021-02-01 00:34:13,2021-02-01 00:42:13,1,1.53,1,N,170,48,2,7.5,0.5,0.5,0,0,0.3,11.3,2.5
1,2021-02-01 00:33:17,2021-02-01 00:33:17,1,.00,5,Y,260,264,2,0,0,0,0,0,0,0,0
2,2021-02-01 00:17:53,2021-02-01 00:30:23,1,2.72,1,N,142,90,1,11,0.5,0.5,2.96,0,0.3,17.76,2.5
2,2021-02-01 00:38:17,2021-02-01 00:46:53,1,1.72,1,N,68,249,1,7.5,0.5,0.5,2.26,0,0.3,13.56,2.5
2,2021-02-01 00:06:33,2021-02-01 00:13:56,1,2.42,1,N,79,256,4,-9,-0.5,-0.5,0,0,-0.3,-12.8,-2.5
2,2021-02-01 00:06:33,2021-02-01 00:13:56,1,2.42,1,N,79,256,2,9,0.5,0.5,0,0,0.3,12.8,2.5
2,2021-02-01 00:21:23,2021-02-01 00:25:01,1,.66,1,N,148,79,1,4.5,0.5,0.5,2.49,0,0.3,10.79,2.5
2,2021-02-01 00:51:19,2021-02-01 01:06:31,1,3.43,1,N,100,263,1,13,0.5,0.5,3.36,0,0.3,20.16,2.5
2,2021-02-01 00:24:54,2021-02-01 00:55:36,1,10.62,1,N,132,39,2,31,0.5,0.5,0,0,0.3,32.3,0
1,2021-02-01 00:42:01,2021-02-01 00:46:56,1,.90,1,N,229,229,2,5.5,3,0.5,0,0,0.3,9.3,2.5
2,2021-02-01 00:12:35,2021-02-01 00:18:43,1,1.90,1,N,90,50,2,7,0.5,0.5,0,0,0.3,10.8,2.5
2,2021-02-01 00:23:00,2021-02-01 00:35:10,1,3.70,1,N,246,238,2,12.5,0.5,0.5,0,0,0.3,16.3,2.5
2,2021-02-01 00:44:05,2021-02-01 00:51:19,2,1.50,1,N,143,48,2,7,0.5,0.5,0,0,0.3,10.8,2.5
1,2021-02-01 00:31:44,2021-02-01 01:15:19,1,19.60,2,N,132,262,1,52,2.5,0.5,12.25,6.12,0.3,73.67,2.5
2,2021-02-01 00:22:16,2021-02-01 01:21:56,1,15.18,1,N,132,188,1,48.5,0.5,0.5,9.96,0,0.3,59.76,0
2,2021-02-01 00:07:25,2021-02-01 00:20:25,1,3.12,1,N,107,141,1,11.5,0.5,0.5,3.82,0,0.3,19.12,2.5
1,2021-02-01 00:02:44,2021-02-01 00:08:20,2,1.00,1,N,186,230,2,5.5,3,0.5,0,0,0.3,9.3,2.5
1,2021-02-01 00:30:16,2021-02-01 00:39:40,1,1.70,1,N,48,143,1,8.5,3,0.5,2,0,0.3,14.3,2.5
2,2021-02-01 00:15:28,2021-02-01 00:27:23,3,2.73,1,N,186,237,1,10,0.5,0.5,4.14,0,0.3,17.94,2.5
2,2021-02-01 00:13:43,2021-02-01 00:29:35,1,2.37,1,N,236,170,2,11.5,0.5,0.5,0,0,0.3,15.3,2.5
2,2021-02-01 00:18:28,2021-02-01 01:09:26,1,23.05,1,N,132,241,1,61.5,0.5,0.5,13.78,6.12,0.3,82.7,0
1,2021-02-01 00:30:05,2021-02-01 00:38:08,1,2.20,1,N,229,236,1,8.5,3,0.5,2.45,0,0.3,14.75,2.5
1,2021-02-01 00:19:24,2021-02-01 00:27:49,1,1.60,1,N,244,116,2,7.5,0.5,0.5,0,0,0.3,8.8,0
2,2021-01-31 23:58:33,2021-02-01 00:22:23,1,7.14,1,N,79,260,1,22.5,0.5,0.5,5.26,0,0.3,31.56,2.5
2,2021-02-01 00:24:01,2021-02-01 00:33:08,1,3.35,1,N,260,223,1,12,0.5,0.5,2.66,0,0.3,15.96,0
2,2021-02-01 00:01:00,2021-02-01 00:13:00,1,1.13,1,N,249,144,1,8.5,0.5,0.5,5,0,0.3,17.3,2.5
2,2021-02-01 00:03:32,2021-02-01 00:19:17,1,4.00,1,N,186,151,1,14,0.5,0.5,3.56,0,0.3,21.36,2.5
2,2021-02-01 00:24:12,2021-02-01 00:44:08,1,3.69,1,N,80,61,1,15,0.5,0.5,4,0,0.3,20.3,0
2,2021-02-01 00:32:25,2021-02-01 01:14:48,1,14.20,1,N,132,89,1,41,0.5,0.5,3.5,0,0.3,45.8,0
1,2021-02-01 00:05:54,2021-02-01 00:24:21,1,3.60,1,N,140,151,1,14.5,3,0.5,3.65,0,0.3,21.95,2.5
2,2021-02-01 00:20:09,2021-02-01 01:42:57,1,29.59,1,N,55,264,1,85,0.5,0.5,0,6.12,0.3,92.42,0
2,2021-02-01 00:09:27,2021-02-01 00:48:37,1,18.76,1,N,132,66,1,50,0.5,0.5,25,0,0.3,76.3,0
2,2021-02-01 00:09:38,2021-02-01 00:12:28,1,.80,1,N,90,68,2,4.5,0.5,0.5,0,0,0.3,8.3,2.5
2,2021-02-01 00:19:17,2021-02-01 00:57:11,1,6.62,1,N,186,37,2,26.5,0.5,0.5,0,0,0.3,30.3,2.5
2,2021-02-01 00:27:41,2021-02-01 00:28:56,1,.19,1,N,262,263,2,3,0.5,0.5,0,0,0.3,6.8,2.5
1,2021-02-01 00:17:17,2021-02-01 00:26:12,1,1.40,1,N,211,79,2,7.5,3,0.5,0,0,0.3,11.3,2.5
1,2021-02-01 00:43:27,2021-02-01 00:47:09,1,.80,1,N,237,141,2,5,3,0.5,0,0,0.3,8.8,2.5
2,2021-02-01 00:27:34,2021-02-01 00:51:40,1,5.61,1,N,79,236,1,20,0.5,0.5,2,0,0.3,25.8,2.5
2,2021-02-01 00:39:37,2021-02-01 01:06:01,1,7.97,1,N,132,102,2,24.5,0.5,0.5,0,0,0.3,25.8,0
1,2021-02-01 00:17:44,2021-02-01 00:23:50,1,.60,1,N,230,48,1,5.5,3,0.5,2.3,0,0.3,11.6,2.5
1,2021-02-01 00:28:39,2021-02-01 00:51:21,1,4.70,1,N,48,87,1,17,3,0.5,5.2,0,0.3,26,2.5
2,2021-02-01 00:31:34,2021-02-01 00:49:32,1,7.56,1,N,132,222,2,22,0.5,0.5,0,0,0.3,23.3,0
2,2021-02-01 00:55:39,2021-02-01 01:45:23,1,11.48,1,N,132,225,1,38.5,0.5,0.5,7.96,0,0.3,47.76,0
2,2021-02-05 00:04:28,2021-02-05 00:22:35,5,7.15,1,N,161,36,1,22.5,0.5,0.5,9.73,6.12,0.3,42.15,2.5
2,2021-02-01 00:42:09,2021-02-01 00:52:37,1,2.10,1,N,142,151,1,9.5,0.5,0.5,1.33,0,0.3,14.63,2.5
2,2021-02-01 00:53:20,2021-02-01 01:06:31,1,3.75,1,N,151,229,1,13,0.5,0.5,3.36,0,0.3,20.16,2.5
1,2021-02-01 00:52:44,2021-02-01 00:57:39,1,.80,1,N,186,230,2,5,3,0.5,0,0,0.3,8.8,2.5
2,2021-01-31 23:56:33,2021-02-01 00:10:22,1,4.85,1,N,132,205,2,15.5,0.5,0.5,0,0,0.3,16.8,0
2,2021-01-31 23:57:35,2021-02-01 00:03:27,2,1.69,1,N,162,107,1,7,0.5,0.5,1,0,0.3,11.8,2.5
2,2021-02-01 00:14:55,2021-02-01 00:26:56,2,4.31,1,N,137,74,1,13.5,0.5,0.5,3.46,0,0.3,20.76,2.5
2,2021-02-01 00:28:49,2021-02-01 00:43:54,1,3.44,1,N,263,234,1,13,0.5,0.5,5.04,0,0.3,21.84,2.5
2,2021-02-01 00:51:19,2021-02-01 00:54:19,1,.71,1,N,170,107,1,4,0.5,0.5,1,0,0.3,8.8,2.5
2,2021-02-01 00:15:53,2021-02-01 00:50:17,1,17.70,2,N,132,186,1,52,0,0.5,12.28,6.12,0.3,73.7,2.5
2,2021-02-01 00:53:27,2021-02-01 00:55:35,1,.46,1,N,74,75,1,3.5,0.5,0.5,1.44,0,0.3,6.24,0
1,2021-02-01 00:03:54,2021-02-01 00:10:49,1,1.40,1,N,186,107,1,7,3,0.5,3.2,0,0.3,14,2.5
2,2021-02-01 00:38:10,2021-02-01 00:53:55,6,4.27,1,N,263,68,2,14.5,0.5,0.5,0,0,0.3,18.3,2.5
2,2021-02-01 00:04:16,2021-02-01 00:14:23,1,1.23,1,N,186,164,1,7.5,0.5,0.5,2.26,0,0.3,13.56,2.5
2,2021-02-01 00:35:28,2021-02-01 00:41:51,1,.72,1,N,68,246,2,5.5,0.5,0.5,0,0,0.3,9.3,2.5
2,2021-02-01 00:33:02,2021-02-01 00:53:59,1,6.95,1,N,132,205,2,22,0.5,0.5,0,0,0.3,23.3,0
1,2021-02-01 00:00:15,2021-02-01 00:31:30,0,10.20,1,N,138,17,1,31,0.5,0.5,4,0,0.3,36.3,0
2,2021-01-31 23:57:54,2021-02-01 00:02:57,6,1.44,1,N,158,100,1,6.5,0.5,0.5,2.58,0,0.3,12.88,2.5
2,2021-02-01 00:22:06,2021-02-01 00:25:48,6,.89,1,N,68,68,2,5,0.5,0.5,0,0,0.3,8.8,2.5
2,2021-02-01 00:46:31,2021-02-01 00:49:31,6,.47,1,N,186,48,2,4,0.5,0.5,0,0,0.3,7.8,2.5
1,2021-02-01 00:14:16,2021-02-01 00:18:41,1,.70,1,N,68,50,2,5,3,0.5,0,0,0.3,8.8,2.5
1,2021-02-01 00:31:41,2021-02-01 00:49:20,1,3.60,1,N,48,4,1,14,3,0.5,10,0,0.3,27.8,2.5
1,2021-02-01 00:59:02,2021-02-01 01:03:15,1,.80,1,N,224,4,1,5,3,0.5,2.2,0,0.3,11,2.5
1,2021-02-01 00:37:40,2021-02-01 01:19:52,0,8.70,1,N,239,198,2,31,3,0.5,0,0,0.3,34.8,2.5
1,2021-02-01 00:25:06,2021-02-01 00:35:46,1,4.20,1,N,264,264,2,13.5,0.5,0.5,0,0,0.3,14.8,0
1,2021-02-01 00:03:36,2021-02-01 00:06:51,1,.50,1,N,186,90,1,4.5,3,0.5,2.49,0,0.3,10.79,2.5
1,2021-02-01 00:16:35,2021-02-01 00:29:56,1,2.20,1,N,186,142,1,10.5,3,0.5,3.55,0,0.3,17.85,2.5
1,2021-02-01 00:49:41,2021-02-01 01:00:17,1,1.90,1,N,146,179,2,9,0.5,0.5,0,0,0.3,10.3,0
1,2021-02-01 00:31:01,2021-02-01 00:55:19,1,8.10,1,N,132,95,2,26,0.5,0.5,0,0,0.3,27.3,0
2,2021-02-01 00:33:14,2021-02-01 01:24:03,1,16.89,1,N,132,89,1,48.5,0.5,0.5,2,0,0.3,51.8,0
2,2021-02-01 00:20:45,2021-02-01 00:27:48,2,1.31,1,N,75,74,1,6.5,0.5,0.5,2.2,0,0.3,10,0
1,2021-02-01 00:46:11,2021-02-01 00:48:31,1,.40,1,N,107,234,1,3.5,3,0.5,2.15,0,0.3,9.45,2.5
1,2021-02-01 00:51:41,2021-02-01 01:04:34,1,1.80,1,N,234,4,2,9.5,3,0.5,0,0,0.3,13.3,2.5
2,2021-02-01 00:32:22,2021-02-01 01:12:16,2,15.59,1,N,68,259,1,45,0.5,0.5,5,0,0.3,53.8,2.5
1,2021-02-01 00:51:57,2021-02-01 01:16:04,2,9.00,1,N,142,127,4,26.5,3,0.5,0,0,0.3,30.3,2.5
2,2021-02-01 00:17:59,2021-02-01 00:25:27,1,1.37,1,N,186,137,2,7,0.5,0.5,0,0,0.3,10.8,2.5
2,2021-02-01 00:15:27,2021-02-01 00:19:19,1,1.18,1,N,141,75,1,5.5,0.5,0.5,4,0,0.3,13.3,2.5
2,2021-02-01 00:27:59,2021-02-01 00:39:38,1,2.09,1,N,141,263,1,9.5,0.5,0.5,2.39,0,0.3,15.69,2.5
2,2021-02-01 00:30:58,2021-02-01 00:32:21,1,.37,1,N,264,264,1,3,0.5,0.5,2.04,0,0.3,8.84,2.5
1,2021-02-01 00:26:45,2021-02-01 00:42:13,1,3.30,1,N,146,193,1,12.5,0.5,0.5,1,0,0.3,14.8,0
1,2021-02-01 00:44:28,2021-02-01 00:44:42,1,.00,1,N,193,193,3,2.5,0.5,0.5,0,0,0.3,3.8,0
2,2021-02-01 00:06:19,2021-02-01 00:12:48,1,1.17,1,N,233,164,2,6.5,0.5,0.5,0,0,0.3,10.3,2.5
2,2021-02-01 00:28:37,2021-02-01 00:32:10,1,.60,1,N,230,48,1,4.5,0.5,0.5,0,0,0.3,8.3,2.5
2,2021-02-01 00:34:01,2021-02-01 00:37:48,1,.54,1,N,48,48,1,4.5,0.5,0.5,0,0,0.3,8.3,2.5
1,2021-02-01 00:23:07,2021-02-01 00:28:22,1,.50,1,N,48,142,1,5,2.5,0.5,2.45,0,0.3,10.75,2.5
1,2021-02-01 00:36:44,2021-02-01 00:45:10,1,1.10,1,N,48,230,2,7,2.5,0.5,0,0,0.3,10.3,2.5
1,2021-02-01 00:19:01,2021-02-01 00:29:46,1,2.50,1,N,90,229,1,9.5,3,0.5,2.65,0,0.3,15.95,2.5
2,2021-02-01 00:05:20,2021-02-01 00:11:26,1,2.05,1,N,163,236,1,7.5,0.5,0.5,2.26,0,0.3,13.56,2.5
2,2021-02-01 00:23:52,2021-02-01 01:07:16,1,12.46,1,N,170,14,1,40,0.5,0.5,0,0,0.3,43.8,2.5
2,2021-02-01 00:22:17,2021-02-01 01:16:14,2,18.82,1,N,132,185,2,57.5,0.5,0.5,0,6.12,0.3,64.92,0
2,2021-02-01 00:20:47,2021-02-01 00:33:09,1,4.94,1,N,79,75,1,15,0.5,0.5,10,0,0.3,28.8,2.5
2,2021-02-01 00:36:44,2021-02-01 00:47:54,2,5.18,1,N,132,203,2,15.5,0.5,0.5,0,0,0.3,16.8,0
2,2021-02-01 00:09:51,2021-02-01 00:29:01,1,5.61,1,N,137,80,1,18.5,0.5,0.5,4.01,0,0.3,26.31,2.5
1,2021-02-01 00:15:27,2021-02-01 00:38:16,1,9.90,1,Y,256,28,2,27.5,0.5,0.5,0,0,0.3,28.8,0
1,2021-02-01 00:43:43,2021-02-01 00:50:43,1,1.10,1,N,137,100,2,6.5,3,0.5,0,0,0.3,10.3,2.5
2,2021-01-31 23:53:54,2021-02-01 00:14:01,5,4.53,1,N,48,112,2,16.5,0.5,0.5,0,6.12,0.3,26.42,2.5
2,2021-02-01 00:16:54,2021-02-01 00:46:28,5,4.42,1,N,112,80,2,16.5,0.5,0.5,0,0,0.3,17.8,0
2,2021-01-31 23:38:51,2021-02-01 00:07:06,1,9.78,1,N,236,97,2,29.5,0.5,0.5,0,0,0.3,33.3,2.5
2,2021-02-01 00:16:47,2021-02-01 00:57:55,3,7.66,1,N,186,37,2,29.5,0.5,0.5,0,0,0.3,33.3,2.5
2,2021-02-01 00:06:26,2021-02-01 00:14:55,1,1.88,1,N,190,181,1,8,0.5,0.5,10,0,0.3,19.3,0
2,2021-02-01 00:56:29,2021-02-01 01:18:09,1,6.90,1,N,137,42,1,21.5,0.5,0.5,7.59,0,0.3,32.89,2.5
1,2021-02-01 00:08:25,2021-02-01 00:13:32,2,1.00,1,N,137,164,1,5.5,3,0.5,0,0,0.3,9.3,2.5
1,2021-02-01 00:32:25,2021-02-01 00:34:47,1,.70,1,N,224,137,1,4,3,0.5,1.55,0,0.3,9.35,2.5
1,2021-02-01 00:13:47,2021-02-01 00:43:12,1,7.70,1,N,186,42,1,26,3,0.5,5,0,0.3,34.8,2.5
1,2021-02-01 00:23:30,2021-02-01 00:31:45,1,1.80,1,N,75,42,2,8,0.5,0.5,0,0,0.3,9.3,0
2,2021-02-01 00:19:21,2021-02-01 00:25:33,5,.90,1,N,164,234,1,5,0.5,0.5,0,0,0.3,8.8,2.5
2,2021-02-01 00:37:48,2021-02-01 00:46:06,4,1.44,1,N,186,163,1,7,0.5,0.5,3.24,0,0.3,14.04,2.5
2,2021-02-01 00:21:23,2021-02-01 01:05:08,1,18.37,2,N,132,142,1,52,0,0.5,5,0,0.3,60.3,2.5
2,2021-02-01 00:58:00,2021-02-01 01:14:05,2,4.81,1,N,169,41,1,16.5,0.5,0.5,0,0,0.3,17.8,0
2,2021-02-01 00:22:09,2021-02-01 00:29:59,1,2.19,1,N,230,113,1,8.5,0.5,0.5,2.46,0,0.3,14.76,2.5
2,2021-02-01 00:03:17,2021-02-01 00:38:32,1,20.82,1,N,132,174,1,55,0.5,0.5,2,6.12,0.3,64.42,0
2,2021-02-01 00:03:17,2021-02-01 00:10:19,1,.79,1,N,236,262,1,6,0.5,0.5,1.96,0,0.3,11.76,2.5
2,2021-02-01 00:19:09,2021-02-01 00:33:02,1,3.54,1,N,263,107,1,12.5,0.5,0.5,3.26,0,0.3,19.56,2.5
2,2021-02-01 00:16:49,2021-02-01 00:53:59,1,19.11,2,N,132,90,1,52,0,0.5,10,6.12,0.3,71.42,2.5
2,2021-02-01 00:14:53,2021-02-01 00:43:40,1,15.15,1,N,132,223,1,41.5,0.5,0.5,8.56,0,0.3,51.36,0
2,2021-02-01 00:52:06,2021-02-01 01:17:25,1,7.81,1,N,152,249,2,24.5,0.5,0.5,0,0,0.3,28.3,2.5
1,2021-02-01 00:08:57,2021-02-01 00:58:55,0,17.80,2,N,132,140,1,52,2.5,0.5,13.8,0,0.3,69.1,2.5
2,2021-01-31 23:59:05,2021-02-01 00:16:59,1,3.80,1,N,230,79,1,14,0.5,0.5,10,0,0.3,27.8,2.5
2,2021-02-01 00:30:58,2021-02-01 00:36:48,2,1.32,1,N,230,50,2,6.5,0.5,0.5,0,0,0.3,10.3,2.5
2,2021-02-01 00:49:10,2021-02-01 01:03:21,2,1.72,1,N,239,263,1,10.5,0.5,0.5,2.14,0,0.3,16.44,2.5
2,2021-02-01 00:50:20,2021-02-01 00:57:00,1,1.22,1,N,137,79,1,6.5,0.5,0.5,2.06,0,0.3,12.36,2.5
2,2021-02-01 00:08:07,2021-02-01 00:15:58,1,1.45,1,N,166,74,1,7,0.5,0.5,2,0,0.3,10.3,0
2,2021-02-01 00:23:10,2021-02-01 00:45:58,1,4.60,1,N,238,142,2,18,0.5,0.5,0,0,0.3,21.8,2.5
2,2021-02-01 00:36:25,2021-02-01 00:40:36,1,.76,1,N,239,238,1,5,0.5,0.5,2.2,0,0.3,11,2.5
2,2021-02-01 00:07:25,2021-02-01 00:13:54,1,2.48,1,N,107,232,2,9,0.5,0.5,0,0,0.3,12.8,2.5
2,2021-02-01 00:03:11,2021-02-01 00:09:27,1,.94,1,N,186,230,2,6,0.5,0.5,0,0,0.3,9.8,2.5
2,2021-02-01 00:22:07,2021-02-01 00:24:54,1,.50,1,N,68,48,1,4,0.5,0.5,1.17,0,0.3,8.97,2.5
2,2021-02-01 00:26:53,2021-02-01 00:55:22,1,5.21,1,N,229,129,1,20.5,0.5,0.5,4.86,0,0.3,29.16,2.5
2,2021-02-01 00:09:57,2021-02-01 00:50:58,6,15.92,1,N,186,81,2,45.5,0.5,0.5,0,0,0.3,49.3,2.5
2,2021-02-01 22:18:30,2021-02-02 00:36:59,2,.00,5,N,132,237,1,62,0,0.5,12.5,0,0,75,0
1,2021-02-01 00:05:08,2021-02-01 00:12:18,1,2.80,1,N,88,232,2,9.5,3,0.5,0,0,0.3,13.3,2.5
1,2021-02-01 00:33:53,2021-02-01 00:56:10,1,5.80,1,N,90,75,1,19.5,3,0.5,5.8,0,0.3,29.1,2.5
2,2021-02-01 00:25:49,2021-02-01 00:49:41,1,4.47,1,N,148,40,1,17,0.5,0.5,6.24,0,0.3,27.04,2.5
1,2021-02-01 00:21:59,2021-02-01 00:25:34,1,.60,1,N,162,161,1,4.5,3,0.5,1.7,0,0.3,10,2.5
1,2021-02-01 00:37:42,2021-02-01 01:19:15,1,11.90,1,Y,162,121,1,38.5,3,0.5,0,0,0.3,42.3,2.5
2,2021-02-01 00:20:38,2021-02-01 00:57:11,1,4.53,1,N,88,189,1,24.5,0.5,0.5,7.08,0,0.3,35.38,2.5
2,2021-02-01 00:22:55,2021-02-01 00:33:45,1,1.69,1,N,148,234,2,9.5,0.5,0.5,0,0,0.3,13.3,2.5
2,2021-02-01 00:41:16,2021-02-01 01:02:17,1,7.77,1,N,68,42,2,25,0.5,0.5,0,0,0.3,28.8,2.5
2,2021-02-01 00:19:54,2021-02-01 00:34:12,1,2.09,1,N,239,50,2,10.5,0.5,0.5,0,0,0.3,14.3,2.5
2,2021-02-01 00:50:08,2021-02-01 00:56:31,1,1.25,1,N,186,68,1,6.5,0.5,0.5,2.06,0,0.3,12.36,2.5
2,2021-02-01 00:03:31,2021-02-01 00:08:09,2,1.09,1,N,236,75,1,5.5,0.5,0.5,2,0,0.3,11.3,2.5
2,2021-02-01 00:12:51,2021-02-01 00:25:05,2,4.07,1,N,236,113,1,13,0.5,0.5,3.36,0,0.3,20.16,2.5
2,2021-02-01 00:35:56,2021-02-01 00:39:55,2,.91,1,N,107,164,1,5,0.5,0.5,1.76,0,0.3,10.56,2.5
2,2021-02-01 00:29:22,2021-02-01 00:29:27,1,.00,5,N,265,264,1,70,0,0,14.06,0,0.3,84.36,0
1,2021-02-01 00:46:50,2021-02-01 00:48:49,1,.20,1,N,24,151,2,3,3,0.5,0,0,0.3,6.8,0
1,2021-02-01 00:03:34,2021-02-01 00:19:28,1,3.40,1,Y,186,236,1,13.5,3,0.5,3.45,0,0.3,20.75,2.5
1,2021-02-01 00:28:49,2021-02-01 00:35:15,1,1.10,1,N,162,48,1,6.5,3,0.5,1,0,0.3,11.3,2.5
1,2021-02-01 00:38:38,2021-02-01 00:44:57,1,1.00,1,N,68,170,1,6,3,0.5,1.5,0,0.3,11.3,2.5
1,2021-02-01 00:13:22,2021-02-01 00:31:38,1,3.60,1,N,148,48,2,14.5,3,0.5,0,0,0.3,18.3,2.5
1,2021-02-01 00:38:43,2021-02-01 00:56:03,1,3.50,1,N,186,238,1,14,3,0.5,3.2,0,0.3,21,2.5
2,2021-02-01 00:26:27,2021-02-01 00:58:26,2,10.54,1,N,132,39,2,30.5,0.5,0.5,0,0,0.3,31.8,0
2,2021-02-01 00:02:41,2021-02-01 00:17:50,1,2.83,1,N,186,144,1,11.5,0.5,0.5,2,0,0.3,17.3,2.5
1,2021-02-01 00:08:21,2021-02-01 00:13:56,1,1.00,1,N,163,142,1,6,3,0.5,2.9,0,0.3,12.7,2.5
2,2021-02-01 00:07:33,2021-02-01 00:27:13,1,5.96,1,N,132,216,2,19.5,0.5,0.5,0,0,0.3,20.8,0
2,2021-02-01 00:46:03,2021-02-01 00:46:18,3,.00,5,N,79,107,1,25,0,0,0,0,0.3,27.8,2.5
2,2021-02-01 00:01:15,2021-02-01 00:30:02,1,8.94,1,N,138,151,1,28.5,0.5,0.5,10.78,6.12,0.3,46.7,0
2,2021-02-01 00:31:30,2021-02-01 00:47:01,1,2.84,1,N,186,4,1,12,0.5,0.5,4.74,0,0.3,20.54,2.5
2,2021-02-01 00:54:56,2021-02-01 01:08:45,3,2.73,1,N,79,161,1,11.5,0.5,0.5,10,0,0.3,25.3,2.5
1,2021-02-01 00:05:56,2021-02-01 00:34:01,1,15.30,1,N,132,29,1,41.5,0.5,0.5,0,0,0.3,42.8,0
2,2021-02-01 00:10:27,2021-02-01 00:20:58,1,2.93,1,N,141,74,1,10.5,0.5,0.5,2.86,0,0.3,17.16,2.5
2,2021-02-01 00:38:50,2021-02-01 00:39:26,1,.04,1,N,132,132,2,2.5,0.5,0.5,0,0,0.3,3.8,0
2,2021-02-01 00:25:50,2021-02-01 00:39:14,1,1.33,1,N,186,50,1,9.5,0.5,0.5,2.66,0,0.3,15.96,2.5
2,2021-02-01 00:21:48,2021-02-01 00:46:09,1,7.53,1,N,132,76,1,23.5,0.5,0.5,4.96,0,0.3,29.76,0
2,2021-02-01 00:11:18,2021-02-01 00:25:26,1,2.75,1,N,68,79,1,11,0.5,0.5,3.7,0,0.3,18.5,2.5
2,2021-02-01 00:41:31,2021-02-01 00:46:51,1,1.50,1,N,186,50,1,6.5,0.5,0.5,2.06,0,0.3,12.36,2.5
2,2021-02-01 00:18:41,2021-02-01 00:41:35,1,12.22,1,N,132,138,1,33.5,0.5,0.5,15,0,0.3,49.8,0
2,2021-02-01 00:21:21,2021-02-01 00:25:01,1,.68,1,N,48,50,1,4.5,0.5,0.5,2.08,0,0.3,10.38,2.5
2,2021-02-01 00:36:15,2021-02-01 01:11:05,1,16.70,1,N,132,256,1,45.5,0.5,0.5,9.36,0,0.3,56.16,0
2,2021-02-01 00:24:59,2021-02-01 00:52:00,4,9.14,1,N,132,39,2,26.5,0.5,0.5,0,0,0.3,27.8,0
2,2021-02-01 00:14:33,2021-02-01 01:04:32,3,11.09,1,N,263,61,1,40.5,0.5,0.5,8.86,0,0.3,53.16,2.5
2,2021-02-01 00:06:36,2021-02-01 00:26:17,2,5.02,1,N,48,74,1,17,0.5,0.5,4.16,0,0.3,24.96,2.5
1,2021-02-01 00:41:28,2021-02-01 00:41:45,1,.00,5,N,232,232,1,64.5,0,0,19.4,0,0.3,84.2,0
2,2021-02-01 00:20:25,2021-02-01 01:02:15,1,19.46,2,N,132,238,1,52,0,0.5,13.82,0,0.3,69.12,2.5
2,2021-02-01 00:33:09,2021-02-01 00:41:56,1,1.41,1,N,229,50,1,7.5,0.5,0.5,3.39,0,0.3,14.69,2.5
2,2021-01-31 23:28:39,2021-01-31 23:38:47,1,1.33,1,N,162,141,2,6.5,0.5,0.5,0,0,0.3,10.3,2.5
2,2021-02-01 00:08:09,2021-02-01 00:13:25,1,.76,1,N,142,143,2,5,0.5,0.5,0,0,0.3,8.8,2.5
2,2021-02-01 00:49:53,2021-02-01 00:57:59,1,2.48,1,N,79,229,1,9,0.5,0.5,2.56,0,0.3,15.36,2.5
2,2021-02-01 00:13:16,2021-02-01 00:49:46,1,14.76,1,N,74,205,2,42,0.5,0.5,0,6.12,0.3,49.42,0
1,2021-02-01 01:28:47,2021-02-01 01:35:16,1,1.40,1,N,263,229,2,6.5,3,0.5,0,0,0.3,10.3,2.5
1,2021-02-01 01:12:15,2021-02-01 01:18:32,1,1.30,1,N,143,186,2,6.5,3,0.5,0,0,0.3,10.3,2.5
2,2021-02-01 01:52:09,2021-02-01 02:06:30,1,2.26,1,N,143,229,2,10.5,0.5,0.5,0,0,0.3,14.3,2.5
2,2021-02-01 01:35:56,2021-02-01 03:06:24,3,38.89,4,N,132,265,1,154,0.5,0.5,32.28,6.12,0.3,193.7,0
2,2021-02-01 01:42:50,2021-02-01 02:03:53,1,9.84,1,N,132,265,2,28,0.5,0.5,0,0,0.3,29.3,0
1,2021-02-01 01:08:57,2021-02-01 01:28:07,1,6.10,1,N,141,87,1,20,3,0.5,5.95,0,0.3,29.75,2.5
1,2021-02-01 01:41:06,2021-02-01 01:47:27,1,1.50,1,N,211,234,3,7,3,0.5,0,0,0.3,10.8,2.5
2,2021-02-01 01:12:42,2021-02-01 01:55:13,2,19.46,1,N,132,248,1,54,0.5,0.5,12.28,6.12,0.3,73.7,0
2,2021-02-01 01:01:05,2021-02-01 01:45:06,1,18.34,5,N,132,265,1,84,0,0,0,0,0.3,84.3,0
2,2021-02-01 01:08:49,2021-02-01 01:30:47,2,5.83,1,N,141,114,1,19,0.5,0.5,6.84,0,0.3,29.64,2.5
2,2021-02-01 01:51:12,2021-02-01 01:55:37,1,.71,1,N,137,164,2,-5,-0.5,-0.5,0,0,-0.3,-8.8,-2.5
2,2021-02-01 01:51:12,2021-02-01 01:55:37,1,.71,1,N,137,164,2,5,0.5,0.5,0,0,0.3,8.8,2.5
2,2021-02-01 01:18:12,2021-02-01 01:26:25,1,2.62,1,N,143,41,2,9,0.5,0.5,0,0,0.3,12.8,2.5
2,2021-02-01 01:31:08,2021-02-01 01:40:11,1,1.99,1,N,166,116,2,8.5,0.5,0.5,0,0,0.3,9.8,0
2,2021-02-01 01:41:05,2021-02-01 02:00:15,1,6.79,1,N,132,76,2,20.5,0.5,0.5,0,0,0.3,21.8,0
2,2021-02-01 01:35:22,2021-02-01 01:51:14,1,3.14,1,N,162,148,2,12.5,0.5,0.5,0,0,0.3,16.3,2.5
1,2021-02-01 01:08:45,2021-02-01 01:15:58,1,.70,1,N,114,148,2,6,3,0.5,0,0,0.3,9.8,2.5
1,2021-02-01 01:05:24,2021-02-01 01:42:31,1,7.70,1,N,162,70,1,26.5,3,0.5,7.55,0,0.3,37.85,2.5
1,2021-02-01 01:47:53,2021-02-01 01:52:09,1,.40,1,N,70,70,1,4.5,0.5,0.5,1.15,0,0.3,6.95,0
2,2021-02-01 01:11:26,2021-02-01 01:20:03,2,2.03,1,N,186,79,2,8,0.5,0.5,0,0,0.3,11.8,2.5
2,2021-02-01 01:45:12,2021-02-01 01:45:15,1,.02,5,N,264,264,2,12,0,0,0,0,0.3,12.3,0
2,2021-02-01 01:51:10,2021-02-01 01:55:39,4,.84,1,N,68,68,1,5,0.5,0.5,0,0,0.3,8.8,2.5
1,2021-02-01 01:21:15,2021-02-01 01:34:28,1,3.40,1,N,141,168,2,12,3,0.5,0,0,0.3,15.8,2.5
2,2021-02-01 01:09:03,2021-02-01 01:18:31,1,2.91,1,N,161,238,1,10.5,0.5,0.5,2.86,0,0.3,17.16,2.5
2,2021-02-01 01:26:31,2021-02-01 01:29:53,1,1.05,1,N,48,68,1,5,0.5,0.5,1.76,0,0.3,10.56,2.5
2,2021-02-01 01:50:15,2021-02-01 01:57:37,1,2.04,1,N,68,48,2,7.5,0.5,0.5,0,0,0.3,11.3,2.5
2,2021-02-01 01:48:59,2021-02-01 02:03:09,1,2.83,1,N,140,234,1,12,0.5,0.5,3.16,0,0.3,18.96,2.5
1,2021-02-01 01:03:32,2021-02-01 01:11:54,1,1.40,1,N,231,113,2,7.5,3,0.5,0,0,0.3,11.3,2.5
1,2021-02-01 01:14:25,2021-02-01 01:27:45,1,2.30,1,N,186,79,2,10.5,3,0.5,0,0,0.3,14.3,2.5
1,2021-02-01 01:46:06,2021-02-01 02:05:48,2,4.60,1,N,132,216,1,15.5,0.5,0.5,5,0,0.3,21.8,0
1,2021-02-01 01:19:43,2021-02-01 01:38:25,1,3.60,1,N,238,186,2,15,3,0.5,0,0,0.3,18.8,2.5
2,2021-02-01 01:41:29,2021-02-01 01:47:58,1,1.40,1,N,238,75,2,6.5,0.5,0.5,0,0,0.3,10.3,2.5
2,2021-02-01 01:43:29,2021-02-01 02:09:25,1,9.17,1,N,132,131,2,27,0.5,0.5,0,0,0.3,28.3,0
1,2021-02-01 01:26:38,2021-02-01 01:36:26,1,2.30,1,N,264,264,1,9.5,0.5,0.5,0,0,0.3,10.8,0
1,2021-02-01 01:46:03,2021-02-01 01:48:36,1,.50,1,N,263,75,1,4,3,0.5,1.55,0,0.3,9.35,2.5
2,2021-02-01 01:32:04,2021-02-01 01:44:49,1,1.64,1,N,188,72,2,9,0.5,0.5,0,0,0.3,10.3,0
2,2021-02-01 01:03:21,2021-02-01 01:20:23,1,4.79,1,N,125,141,2,16.5,0.5,0.5,0,0,0.3,20.3,2.5
2,2021-02-01 01:31:37,2021-02-01 01:51:19,1,4.43,1,N,114,225,2,16.5,0.5,0.5,0,0,0.3,20.3,2.5
2,2021-02-01 01:18:25,2021-02-01 01:32:26,1,2.03,1,N,116,41,1,10.5,0.5,0.5,1.77,0,0.3,13.57,0
2,2021-02-01 01:11:10,2021-02-01 01:19:28,1,1.75,1,N,230,143,1,8,0.5,0.5,2.36,0,0.3,14.16,2.5
2,2021-02-01 01:32:23,2021-02-01 02:00:37,1,5.52,1,N,100,42,2,21,0.5,0.5,0,0,0.3,24.8,2.5
1,2021-02-01 01:02:10,2021-02-01 01:59:45,2,18.10,2,N,132,163,2,52,2.5,0.5,0,0,0.3,55.3,2.5
2,2021-02-01 01:19:49,2021-02-01 01:36:09,1,3.05,1,N,148,100,2,12.5,0.5,0.5,0,0,0.3,16.3,2.5
2,2021-02-01 01:53:22,2021-02-01 02:00:04,1,1.03,1,N,75,41,2,6.5,0.5,0.5,0,0,0.3,7.8,0
1,2021-02-01 01:24:58,2021-02-01 01:58:29,2,13.80,1,N,243,256,4,39,3,0.5,0,0,0.3,42.8,2.5
2,2021-02-01 01:07:00,2021-02-01 01:20:07,1,3.38,1,N,264,264,2,13,0.5,0.5,0,0,0.3,16.8,2.5
2,2021-02-01 01:43:11,2021-02-01 02:05:05,1,2.31,1,N,239,41,1,14.5,0.5,0.5,1.7,0,0.3,20,2.5
1,2021-02-01 01:07:22,2021-02-01 01:12:20,1,.60,1,N,142,143,1,5,2.5,0.5,0,0,0.3,8.3,2.5
1,2021-02-01 01:40:46,2021-02-01 01:43:56,1,.00,1,N,143,143,2,4,2.5,0.5,0,0,0.3,7.3,2.5
1,2021-02-01 01:45:09,2021-02-01 01:59:28,1,4.70,1,N,142,152,2,16.5,2.5,0.5,0,0,0.3,19.8,2.5
1,2021-02-01 01:06:34,2021-02-01 01:11:46,1,.80,1,N,48,50,2,5.5,3,0.5,0,0,0.3,9.3,2.5
1,2021-02-01 01:20:27,2021-02-01 02:01:11,1,7.90,1,N,48,129,2,30,3,0.5,0,0,0.3,33.8,2.5
2,2021-02-01 01:11:40,2021-02-01 01:23:11,1,2.54,1,N,107,141,1,10,0.5,0.5,4.14,0,0.3,17.94,2.5
1,2021-02-01 01:11:49,2021-02-01 01:19:22,1,.90,1,N,144,4,3,6,3,0.5,0,0,0.3,9.8,2.5
1,2021-02-01 01:53:11,2021-02-01 01:57:17,1,.60,1,N,141,229,1,4.5,3,0.5,1,0,0.3,9.3,2.5
2,2021-02-01 01:50:03,2021-02-01 02:05:39,1,2.35,1,N,90,148,2,11.5,0.5,0.5,0,0,0.3,15.3,2.5
2,2021-02-01 01:59:55,2021-02-01 02:24:29,5,5.37,1,N,48,116,2,19.5,0.5,0.5,0,0,0.3,23.3,2.5
2,2021-02-01 01:44:27,2021-02-01 01:56:11,5,.46,1,N,90,90,2,4.5,0.5,0.5,0,0,0.3,8.3,2.5
2,2021-02-01 01:12:28,2021-02-01 01:14:26,1,.47,1,N,79,4,2,3.5,0.5,0.5,0,0,0.3,7.3,2.5
2,2021-02-01 01:43:09,2021-02-01 01:48:11,1,1.53,1,N,137,79,1,6.5,0.5,0.5,1.54,0,0.3,11.84,2.5
2,2021-02-01 01:35:27,2021-02-01 01:37:39,1,.43,1,N,141,141,2,3.5,0.5,0.5,0,0,0.3,7.3,2.5
2,2021-02-01 01:37:21,2021-02-01 01:43:47,1,1.65,1,N,137,4,2,7,0.5,0.5,0,0,0.3,10.8,2.5
1,2021-02-01 01:30:04,2021-02-01 01:48:08,1,7.50,1,N,262,94,2,22,0.5,0.5,0,0,0.3,23.3,0
2,2021-02-01 01:37:47,2021-02-01 01:42:02,2,1.28,1,N,236,162,2,6,0.5,0.5,0,0,0.3,9.8,2.5
2,2021-02-01 01:56:35,2021-02-01 02:11:53,2,3.87,1,N,237,168,2,14,0.5,0.5,0,0,0.3,17.8,2.5
2,2021-02-01 01:49:35,2021-02-01 02:34:39,3,16.51,1,N,132,193,2,45,0.5,0.5,0,0,0.3,46.3,0
2,2021-02-01 01:08:28,2021-02-01 01:27:49,1,6.80,1,N,162,25,1,21,0.5,0.5,7.44,0,0.3,32.24,2.5
2,2021-02-01 01:22:33,2021-02-01 01:49:57,1,4.59,1,N,186,41,1,19,0.5,0.5,4.56,0,0.3,27.36,2.5
1,2021-02-01 01:30:25,2021-02-01 01:30:43,2,.00,5,N,234,234,1,17.3,0,0,3.5,0,0.3,21.1,0
2,2021-02-01 01:54:13,2021-02-01 02:15:19,1,3.33,1,N,7,173,2,15,0.5,0.5,0,0,0.3,16.3,0
1,2021-02-01 01:01:23,2021-02-01 01:01:36,1,.00,5,N,48,100,1,60,0,0,12.05,0,0.3,72.35,0
1,2021-02-01 01:03:37,2021-02-01 01:12:36,1,1.60,1,N,186,161,1,8,3,0.5,1,0,0.3,12.8,2.5
1,2021-02-01 01:24:50,2021-02-01 01:32:39,3,1.60,1,N,230,234,1,7.5,3,0.5,2,0,0.3,13.3,2.5
1,2021-02-01 01:42:07,2021-02-01 02:15:44,3,8.80,1,N,162,56,2,28.5,3,0.5,0,0,0.3,32.3,2.5
2,2021-02-01 00:42:52,2021-02-01 01:39:05,1,11.29,1,N,186,35,2,37.5,0.5,0.5,0,6.12,0.3,47.42,2.5
2,2021-02-01 01:44:36,2021-02-01 02:15:03,1,11.66,1,N,132,91,2,32.5,0.5,0.5,0,0,0.3,33.8,0
2,2021-02-01 01:33:04,2021-02-01 01:34:56,6,.82,1,N,75,263,1,4.5,0.5,0.5,1.66,0,0.3,9.96,2.5
2,2021-02-01 01:51:01,2021-02-01 01:55:09,6,1.14,1,N,186,50,2,5.5,0.5,0.5,0,0,0.3,9.3,2.5
1,2021-02-01 01:06:38,2021-02-01 01:07:04,0,14.60,5,N,140,140,1,61.7,0,0,12.4,0,0.3,74.4,0
2,2021-02-01 01:00:06,2021-02-01 01:14:42,1,2.02,1,N,74,42,2,11,0.5,0.5,0,0,0.3,12.3,0
1,2021-02-01 01:40:39,2021-02-01 01:51:57,1,2.10,1,N,186,142,1,9,3,0.5,2.55,0,0.3,15.35,2.5
2,2021-02-01 01:13:32,2021-02-01 01:33:07,1,3.67,1,N,186,232,2,15,0.5,0.5,0,0,0.3,18.8,2.5
2,2021-02-01 01:54:31,2021-02-01 02:03:59,1,3.12,1,N,107,263,1,10.5,0.5,0.5,2.86,0,0.3,17.16,2.5
2,2021-02-01 01:49:31,2021-02-01 02:33:03,1,20.26,1,N,132,31,2,54,0.5,0.5,0,6.12,0.3,61.42,0
2,2021-02-01 01:11:34,2021-02-01 01:56:42,2,7.35,1,N,233,162,1,25.5,0.5,0.5,0,0,0.3,29.3,2.5
1,2021-02-01 01:45:25,2021-02-01 02:32:01,1,5.60,1,N,166,166,2,28,0.5,0.5,0,0,0.3,29.3,0
1,2021-02-01 01:09:06,2021-02-01 01:27:09,1,4.50,1,N,48,226,2,15.5,3,0.5,0,0,0.3,19.3,2.5
2,2021-02-01 01:24:37,2021-02-01 01:24:49,2,.00,2,N,249,249,1,52,0,0.5,11.06,0,0.3,66.36,2.5
2,2021-02-01 01:19:01,2021-02-01 01:52:11,1,7.49,1,N,162,198,1,25.5,0.5,0.5,0,6.12,0.3,35.42,2.5
2,2021-02-01 01:21:01,2021-02-01 01:47:56,1,6.01,1,N,230,52,4,-21,-0.5,-0.5,0,0,-0.3,-24.8,-2.5
2,2021-02-01 01:21:01,2021-02-01 01:47:56,1,6.01,1,N,230,52,2,21,0.5,0.5,0,0,0.3,24.8,2.5
2,2021-02-01 01:26:07,2021-02-01 01:39:20,1,5.97,1,N,132,130,2,18,0.5,0.5,0,0,0.3,19.3,0
2,2021-02-01 01:21:00,2021-02-01 01:33:04,1,1.72,1,N,48,229,1,9,0.5,0.5,2.56,0,0.3,15.36,2.5
2,2021-02-01 01:42:11,2021-02-01 01:46:45,1,.92,1,N,162,229,1,5,0.5,0.5,2.64,0,0.3,11.44,2.5
2,2021-02-01 01:05:58,2021-02-01 01:06:05,3,.00,5,N,238,238,4,-400,0,0,0,0,-0.3,-402.8,-2.5
2,2021-02-01 01:05:58,2021-02-01 01:06:05,3,.00,5,N,238,238,2,400,0,0,0,0,0.3,402.8,2.5
2,2021-02-01 01:10:38,2021-02-01 01:16:57,1,1.89,1,N,239,230,4,-7.5,-0.5,-0.5,0,0,-0.3,-11.3,-2.5
2,2021-02-01 01:10:38,2021-02-01 01:16:57,1,1.89,1,N,239,230,2,7.5,0.5,0.5,0,0,0.3,11.3,2.5
2,2021-02-01 01:12:08,2021-02-01 01:35:11,1,3.30,1,N,100,4,1,15,0.5,0.5,3.76,0,0.3,22.56,2.5
2,2021-02-01 01:00:52,2021-02-01 01:07:44,1,2.21,1,N,141,75,2,8,0.5,0.5,0,0,0.3,11.8,2.5
2,2021-02-01 01:09:44,2021-02-01 01:10:44,1,.04,1,N,75,75,2,2.5,0.5,0.5,0,0,0.3,3.8,0
2,2021-02-01 01:49:54,2021-02-01 02:20:19,1,8.68,1,N,229,244,2,27.5,0.5,0.5,0,0,0.3,31.3,2.5
1,2021-02-01 02:05:17,2021-02-01 02:15:12,1,1.70,1,N,246,164,2,8.5,3,0.5,0,0,0.3,12.3,2.5
2,2021-02-01 02:55:51,2021-02-01 03:02:04,1,1.04,1,N,161,100,2,6,0.5,0.5,0,0,0.3,9.8,2.5
2,2021-02-01 02:01:57,2021-02-01 02:30:23,2,8.19,1,N,132,63,2,24.5,0.5,0.5,0,0,0.3,25.8,0
2,2021-02-01 02:51:59,2021-02-01 03:01:19,1,1.42,1,N,137,224,1,7.5,0.5,0.5,3.39,0,0.3,14.69,2.5
2,2021-02-01 02:33:39,2021-02-01 02:35:37,1,.58,1,N,166,166,2,4,0.5,0.5,0,0,0.3,5.3,0
2,2021-02-01 02:46:26,2021-02-01 02:59:55,1,2.59,1,N,79,68,4,-11.5,-0.5,-0.5,0,0,-0.3,-15.3,-2.5
2,2021-02-01 02:46:26,2021-02-01 02:59:55,1,2.59,1,N,79,68,2,11.5,0.5,0.5,0,0,0.3,15.3,2.5
2,2021-02-01 02:13:26,2021-02-01 02:28:02,1,2.80,1,N,229,148,1,12,0.5,0.5,3.16,0,0.3,18.96,2.5
2,2021-02-01 02:20:51,2021-02-01 02:31:19,1,1.70,1,N,68,107,1,8,0.5,0.5,3.54,0,0.3,15.34,2.5
1,2021-02-01 02:13:00,2021-02-01 02:43:42,1,6.30,1,N,239,83,2,23.5,3,0.5,0,0,0.3,27.3,2.5
2,2021-02-01 02:05:16,2021-02-01 02:13:30,1,1.76,1,N,234,4,1,8,0.5,0.5,1,0,0.3,12.8,2.5
2,2021-02-01 02:02:30,2021-02-01 02:43:12,2,20.21,1,N,132,69,2,55,0.5,0.5,0,6.12,0.3,62.42,0
1,2021-02-01 02:05:28,2021-02-01 02:48:58,1,7.90,1,N,234,198,2,29.5,3,0.5,0,0,0.3,33.3,2.5
2,2021-02-01 02:18:57,2021-02-01 02:21:17,1,.76,1,N,107,170,1,4.5,0.5,0.5,2.08,0,0.3,10.38,2.5
2,2021-02-01 02:52:34,2021-02-01 02:58:55,1,1.21,1,N,186,246,1,6.5,0.5,0.5,0,0,0.3,10.3,2.5
2,2021-02-01 02:19:09,2021-02-01 02:23:53,1,.84,1,N,144,231,2,5,0.5,0.5,0,0,0.3,8.8,2.5
2,2021-02-01 02:46:50,2021-02-01 03:08:11,1,4.15,1,N,186,75,2,17,0.5,0.5,0,0,0.3,20.8,2.5
1,2021-02-01 02:00:40,2021-02-01 02:18:01,1,4.30,1,N,170,7,1,15.5,3,0.5,5.75,0,0.3,25.05,2.5
2,2021-02-01 02:55:29,2021-02-01 02:55:40,1,.00,1,N,100,100,2,2.5,0.5,0.5,0,0,0.3,6.3,2.5
1,2021-02-01 02:01:41,2021-02-01 02:08:51,1,1.00,1,N,75,75,2,6.5,0.5,0.5,0,0,0.3,7.8,0
2,2021-02-01 02:33:19,2021-02-01 02:44:09,2,2.11,1,N,114,232,1,9.5,0.5,0.5,1,0,0.3,14.3,2.5
1,2021-02-01 02:05:53,2021-02-01 02:19:57,1,.00,1,N,42,194,1,15.2,0,0.5,0,6.12,0.3,22.12,0
1,2021-02-01 02:49:32,2021-02-01 03:01:16,1,2.50,1,N,141,234,2,10,3,0.5,0,0,0.3,13.8,2.5
2,2021-02-01 02:09:04,2021-02-01 02:15:26,2,1.09,1,N,75,41,2,6,0.5,0.5,0,0,0.3,7.3,0
1,2021-02-01 02:05:58,2021-02-01 02:06:35,2,.10,1,N,256,256,2,2.5,0.5,0.5,0,0,0.3,3.8,0
1,2021-02-01 02:33:05,2021-02-01 02:33:37,2,.10,1,N,48,48,3,2.5,3,0.5,0,0,0.3,6.3,2.5
1,2021-02-01 02:57:05,2021-02-01 03:19:50,2,7.30,1,N,186,17,4,23,3,0.5,0,0,0.3,26.8,2.5
2,2021-02-01 02:51:21,2021-02-01 03:00:27,1,2.40,1,N,45,181,2,9.5,0.5,0.5,0,0,0.3,13.3,2.5
1,2021-02-01 02:07:59,2021-02-01 02:18:48,1,3.30,1,N,233,75,1,11,3,0.5,2.95,0,0.3,17.75,2.5
1,2021-02-01 02:39:52,2021-02-01 02:49:15,1,1.30,1,N,162,48,1,7.5,3,0.5,2.26,0,0.3,13.56,2.5
2,2021-02-01 02:17:27,2021-02-01 02:19:38,1,.28,1,N,116,116,2,3.5,0.5,0.5,0,0,0.3,4.8,0
1,2021-02-01 02:27:55,2021-02-01 02:35:18,1,.70,1,N,142,48,1,6.5,2.5,0.5,2.9,0,0.3,12.7,2.5
1,2021-02-01 02:46:19,2021-02-01 02:50:30,1,.30,1,N,230,48,1,4.5,3,0.5,0.01,0,0.3,8.31,2.5
1,2021-02-01 02:59:02,2021-02-01 03:11:49,1,3.20,1,N,186,261,2,12,3,0.5,0,0,0.3,15.8,2.5
2,2021-02-01 02:39:39,2021-02-01 02:47:10,1,1.33,1,N,229,137,2,7,0.5,0.5,0,0,0.3,10.8,2.5
2,2021-02-01 01:57:29,2021-02-01 02:07:26,5,1.60,1,N,234,68,2,7.5,0.5,0.5,0,0,0.3,11.3,2.5
2,2021-02-01 02:17:54,2021-02-01 02:30:53,5,2.07,1,N,90,164,1,10,0.5,0.5,0,0,0.3,13.8,2.5
2,2021-02-01 02:14:59,2021-02-01 02:20:31,1,1.15,1,N,164,68,2,6,0.5,0.5,0,0,0.3,9.8,2.5
2,2021-02-01 02:33:44,2021-02-01 02:34:34,2,.08,1,N,170,170,1,2.5,0.5,0.5,1,0,0.3,7.3,2.5
2,2021-02-01 02:41:54,2021-02-01 02:50:59,1,2.10,1,N,137,246,2,9,0.5,0.5,0,0,0.3,12.8,2.5
2,2021-02-01 02:13:18,2021-02-01 02:37:59,2,7.96,1,N,168,48,2,26,0.5,0.5,0,0,0.3,29.8,2.5
2,2021-02-01 02:47:27,2021-02-01 02:52:26,2,1.13,1,N,142,239,2,6,0.5,0.5,0,0,0.3,9.8,2.5
1,2021-02-01 02:16:58,2021-02-01 02:32:12,1,3.80,1,N,146,234,2,14,3,0.5,0,0,0.3,17.8,2.5
1,2021-02-01 02:50:26,2021-02-01 03:25:37,1,13.30,1,N,79,171,2,38.5,3,0.5,0,0,0.3,42.3,2.5
2,2021-02-01 02:36:43,2021-02-01 02:46:39,1,1.61,1,N,68,158,2,8,0.5,0.5,0,0,0.3,11.8,2.5
2,2021-02-01 02:05:29,2021-02-01 02:07:19,1,.35,1,N,263,262,1,3.5,0.5,0.5,1.46,0,0.3,8.76,2.5
2,2021-02-01 02:53:25,2021-02-01 03:13:33,1,4.15,1,N,42,127,2,17.5,0.5,0.5,0,0,0.3,18.8,0
2,2021-02-01 02:00:41,2021-02-01 02:04:20,6,.86,1,N,48,68,2,4.5,0.5,0.5,0,0,0.3,8.3,2.5
2,2021-02-01 02:11:10,2021-02-01 02:16:36,6,1.34,1,N,186,234,1,6.5,0.5,0.5,2.06,0,0.3,12.36,2.5
2,2021-02-01 02:32:49,2021-02-01 03:00:02,6,11.70,1,N,186,250,2,33.5,0.5,0.5,0,0,0.3,37.3,2.5
1,2021-02-01 02:12:33,2021-02-01 02:17:00,1,.90,1,N,186,234,1,5,3,0.5,1.75,0,0.3,10.55,2.5
1,2021-02-01 02:43:17,2021-02-01 03:10:07,1,5.20,1,N,186,7,1,19.5,3,0.5,6.95,0,0.3,30.25,2.5
2,2021-02-01 02:33:49,2021-02-01 02:38:50,1,1.07,1,N,230,186,4,-5.5,-0.5,-0.5,0,0,-0.3,-9.3,-2.5
2,2021-02-01 02:33:49,2021-02-01 02:38:50,1,1.07,1,N,230,186,2,5.5,0.5,0.5,0,0,0.3,9.3,2.5
2,2021-02-01 02:42:52,2021-02-01 03:07:21,1,8.96,1,N,68,42,1,26.5,0.5,0.5,6.06,0,0.3,36.36,2.5
1,2021-02-01 02:22:07,2021-02-01 02:54:29,1,10.90,1,N,141,98,2,32.5,3,0.5,0,0,0.3,36.3,2.5
1,2021-02-01 02:36:49,2021-02-01 02:40:35,1,.50,1,N,186,48,2,4.5,3,0.5,0,0,0.3,8.3,2.5
1,2021-02-01 02:53:24,2021-02-01 03:00:31,2,1.50,1,N,186,161,1,7,3,0.5,2.15,0,0.3,12.95,2.5
2,2021-02-01 02:38:31,2021-02-01 02:38:38,1,.00,1,N,186,164,2,2.5,0.5,0.5,0,0,0.3,6.3,2.5
2,2021-02-01 02:39:52,2021-02-01 02:40:22,1,.00,5,N,164,164,2,96,0,0,0,0,0.3,98.8,2.5
2,2021-02-01 02:42:41,2021-02-01 02:42:50,1,.00,1,N,164,164,2,2.5,0.5,0.5,0,0,0.3,6.3,2.5
2,2021-02-01 02:43:27,2021-02-01 02:43:34,1,.00,5,N,164,164,2,90,0,0,0,0,0.3,92.8,2.5
2,2021-02-01 02:17:24,2021-02-01 02:39:39,2,6.07,1,N,186,166,1,20.5,0.5,0.5,1,0,0.3,25.3,2.5
2,2021-02-01 02:02:55,2021-02-01 02:54:02,3,20.25,1,N,132,69,2,56,0.5,0.5,0,6.12,0.3,63.42,0
2,2021-02-01 02:07:07,2021-02-01 02:18:41,1,1.59,1,N,170,246,2,9.5,0.5,0.5,0,0,0.3,13.3,2.5
2,2021-02-01 02:40:03,2021-02-01 02:44:26,1,.63,1,N,100,230,1,4.5,0.5,0.5,1.66,0,0.3,9.96,2.5
2,2021-02-01 02:38:32,2021-02-01 02:48:30,3,2.40,1,N,142,263,1,9.5,0.5,0.5,3.99,0,0.3,17.29,2.5
2,2021-02-01 03:40:33,2021-02-01 03:56:00,1,3.88,1,N,238,230,2,14,0.5,0.5,0,0,0.3,17.8,2.5
2,2021-02-01 03:28:32,2021-02-01 03:48:18,1,3.05,1,N,151,42,2,14.5,0.5,0.5,0,0,0.3,15.8,0
2,2021-02-01 03:08:42,2021-02-01 03:08:47,1,.00,5,N,68,264,2,10,0,0,0,0,0.3,10.3,0
2,2021-02-01 02:56:14,2021-02-01 03:10:38,1,3.56,1,N,186,238,2,13,0.5,0.5,0,0,0.3,16.8,2.5
2,2021-02-01 03:26:15,2021-02-01 03:52:24,1,8.69,1,N,48,138,1,27,0.5,0.5,6.16,0,0.3,36.96,2.5
2,2021-02-01 03:27:07,2021-02-01 03:42:18,1,3.87,1,N,186,75,1,14,0.5,0.5,5.34,0,0.3,23.14,2.5
1,2021-02-01 03:14:34,2021-02-01 03:33:16,1,4.80,1,N,230,226,2,17,3,0.5,0,0,0.3,20.8,2.5
1,2021-02-01 03:54:32,2021-02-01 04:26:28,1,9.50,1,N,141,171,2,30,3,0.5,0,0,0.3,33.8,2.5
1,2021-02-01 03:23:16,2021-02-01 03:41:39,1,7.00,1,N,230,42,1,21.5,3,0.5,5.05,0,0.3,30.35,2.5
2,2021-02-01 03:14:08,2021-02-01 03:19:25,1,.92,1,N,68,100,2,5.5,0.5,0.5,0,0,0.3,9.3,2.5
2,2021-02-01 03:18:58,2021-02-01 03:21:04,1,.69,1,N,41,42,2,4,0.5,0.5,0,0,0.3,5.3,0
2,2021-02-01 02:54:45,2021-02-01 03:22:18,2,7.69,1,N,68,74,1,25.5,0.5,0.5,5.86,0,0.3,35.16,2.5
2,2021-02-01 03:15:21,2021-02-01 03:22:56,1,1.11,1,N,74,75,2,7,0.5,0.5,0,0,0.3,8.3,0
2,2021-02-01 03:40:19,2021-02-01 03:50:16,1,2.94,1,N,233,114,1,10.5,0.5,0.5,0,0,0.3,14.3,2.5
1,2021-02-01 03:43:19,2021-02-01 04:01:40,3,8.70,1,N,90,129,4,25.5,3,0.5,0,0,0.3,29.3,2.5
2,2021-02-01 03:08:41,2021-02-01 03:48:43,1,9.40,1,N,181,143,1,32,0.5,0.5,10.74,0,0.3,46.54,2.5
1,2021-02-01 03:08:59,2021-02-01 03:11:45,1,.50,1,N,143,143,3,4,3,0.5,0,0,0.3,7.8,2.5
2,2021-02-01 03:06:09,2021-02-01 03:26:38,1,4.28,1,N,186,75,1,16,0.5,0.5,3.96,0,0.3,23.76,2.5
2,2021-02-01 03:00:44,2021-02-01 03:05:33,5,.74,1,N,186,230,2,4.5,0.5,0.5,0,0,0.3,8.3,2.5
2,2021-02-01 03:20:29,2021-02-01 04:01:48,5,12.16,1,N,107,63,2,38,0.5,0.5,0,0,0.3,41.8,2.5
2,2021-02-01 03:54:29,2021-02-01 04:21:26,1,7.31,1,N,164,194,2,23,0.5,0.5,0,6.12,0.3,32.92,2.5
2,2021-02-01 03:33:54,2021-02-01 03:52:40,5,3.35,1,N,77,71,2,14,0.5,0.5,0,0,0.3,15.3,0
2,2021-02-01 03:05:40,2021-02-01 03:10:57,1,1.28,1,N,79,68,2,6,0.5,0.5,0,0,0.3,9.8,2.5
2,2021-02-01 03:07:51,2021-02-01 03:40:19,2,7.45,1,N,68,61,2,26,0.5,0.5,0,0,0.3,29.8,2.5
2,2021-02-01 03:16:06,2021-02-01 03:38:02,1,6.08,1,N,166,186,2,19.5,0.5,0.5,0,0,0.3,23.3,2.5
1,2021-02-01 03:09:21,2021-02-01 03:10:38,1,.00,5,N,265,265,1,40,0,0,12.05,0,0.3,52.35,0
2,2021-02-01 03:10:41,2021-02-01 03:25:58,1,2.83,1,N,42,74,2,12.5,0.5,0.5,0,0,0.3,13.8,0
2,2021-02-01 03:04:32,2021-02-01 03:13:43,2,1.50,1,N,75,151,2,8,0.5,0.5,0,0,0.3,9.3,0
2,2021-02-01 03:22:08,2021-02-01 03:32:18,2,2.33,1,N,142,186,2,9.5,0.5,0.5,0,0,0.3,13.3,2.5
1,2021-02-01 03:48:34,2021-02-01 04:00:15,1,3.10,1,N,249,88,2,11.5,3,0.5,0,0,0.3,15.3,2.5
2,2021-02-01 03:00:28,2021-02-01 03:01:45,1,.06,1,N,229,233,2,0,0,0,0,0,0,0,0
2,2021-02-01 03:06:55,2021-02-01 03:18:24,1,3.60,1,N,233,74,2,12,0.5,0.5,0,0,0.3,15.8,2.5
2,2021-02-01 03:24:44,2021-02-01 03:31:47,1,1.38,1,N,79,232,1,7.5,0.5,0.5,0,0,0.3,11.3,2.5
1,2021-02-01 04:29:31,2021-02-01 04:31:10,1,.20,1,N,74,41,2,3.5,0.5,0.5,0,0,0.3,4.8,0
2,2021-02-01 04:30:50,2021-02-01 04:41:56,1,1.60,1,N,186,186,2,9,0.5,0.5,0,0,0.3,12.8,2.5
2,2021-02-01 05:36:37,2021-02-01 05:41:05,1,.50,1,N,141,140,2,4.5,0.5,0.5,0,0,0.3,8.3,2.5
2,2021-02-01 05:58:02,2021-02-01 06:01:43,1,.39,1,N,237,141,2,4,0.5,0.5,0,0,0.3,7.8,2.5
2,2021-02-01 04:44:39,2021-02-01 05:06:14,1,7.77,1,N,68,42,1,24,0.5,0.5,5.56,0,0.3,33.36,2.5
2,2021-02-01 04:16:46,2021-02-01 04:20:04,1,.54,5,N,263,75,1,7,0,0.5,1.04,0,0.3,8.84,0
2,2021-02-01 04:25:44,2021-02-01 04:48:38,1,7.73,1,N,263,87,2,25.5,0.5,0.5,0,0,0.3,29.3,2.5
1,2021-02-01 04:48:07,2021-02-01 04:53:39,1,.70,1,N,141,236,1,5.5,3,0.5,1.85,0,0.3,11.15,2.5
2,2021-02-01 04:23:52,2021-02-01 04:52:10,1,5.20,1,N,164,41,2,21,0.5,0.5,0,0,0.3,24.8,2.5
2,2021-02-01 04:36:18,2021-02-01 05:19:59,2,16.66,1,N,38,137,1,46.5,0.5,0.5,0,6.12,0.3,53.92,0
1,2021-02-01 04:27:24,2021-02-01 05:26:43,2,23.60,2,N,132,209,2,52,2.5,0.5,0,6.12,0.3,61.42,2.5
2,2021-02-01 04:39:36,2021-02-01 05:02:02,1,10.31,1,N,137,169,1,28.5,0.5,0.5,5,0,0.3,37.3,2.5
1,2021-02-01 04:58:27,2021-02-01 05:10:52,1,4.20,1,N,244,238,2,14,3,0.5,0,0,0.3,17.8,2.5
2,2021-02-01 04:57:30,2021-02-01 06:52:18,1,.00,1,N,68,100,2,2.5,0.5,0.5,0,0,0.3,6.3,2.5
2,2021-02-01 04:29:40,2021-02-01 04:41:17,2,3.78,1,N,50,75,1,12.5,0.5,0.5,5,0,0.3,21.3,2.5
2,2021-02-01 04:49:03,2021-02-01 04:51:49,2,1.07,1,N,75,263,1,5,0.5,0.5,2.2,0,0.3,11,2.5
2,2021-02-01 04:19:34,2021-02-01 04:28:55,1,1.92,1,N,249,144,4,-8.5,-0.5,-0.5,1,0,-0.3,-11.3,-2.5
2,2021-02-01 04:19:34,2021-02-01 04:28:55,1,1.92,1,N,249,148,2,8.5,0.5,0.5,0,0,0.3,12.3,2.5
1,2021-02-01 04:36:05,2021-02-01 04:46:56,2,3.20,1,N,79,217,2,12,3,0.5,0,0,0.3,15.8,2.5
1,2021-02-01 04:52:24,2021-02-01 05:06:57,2,6.00,1,N,256,229,2,19,3,0.5,0,0,0.3,22.8,2.5
2,2021-02-01 04:07:23,2021-02-01 04:09:12,1,.72,1,N,100,90,2,4,0.5,0.5,0,0,0.3,7.8,2.5
1,2021-02-01 04:24:43,2021-02-01 04:45:50,1,10.50,1,Y,137,182,1,29.5,3,0.5,0,0,0.3,33.3,2.5
2,2021-02-01 04:14:57,2021-02-01 04:29:03,1,4.43,1,N,263,113,1,14.5,0.5,0.5,4.58,0,0.3,22.88,2.5
2,2021-02-01 04:37:22,2021-02-01 04:45:27,1,1.74,1,N,79,234,2,8,0.5,0.5,0,0,0.3,11.8,2.5
1,2021-02-01 04:02:11,2021-02-01 04:19:32,1,2.60,1,N,24,140,2,13,3.5,0.5,0,0,0.3,17.3,2.5
1,2021-02-01 04:43:36,2021-02-01 04:51:32,1,1.30,1,N,237,143,1,7.5,3.5,0.5,2.35,0,0.3,14.15,2.5
2,2021-02-01 04:42:12,2021-02-01 04:57:11,1,4.72,1,N,146,144,2,15.5,0.5,0.5,0,0,0.3,19.3,2.5
2,2021-02-01 04:30:42,2021-02-01 04:34:35,1,1.32,1,N,230,90,1,5.5,0.5,0.5,2.33,0,0.3,11.63,2.5
2,2021-02-01 04:16:00,2021-02-01 04:33:45,1,4.37,1,N,68,65,2,15.5,0.5,0.5,0,0,0.3,19.3,2.5
2,2021-02-01 03:42:08,2021-02-01 03:54:14,1,3.54,1,N,68,87,2,12.5,0.5,0.5,0,0,0.3,16.3,2.5
2,2021-02-01 04:08:56,2021-02-01 04:23:46,1,5.56,1,N,75,114,2,17,0.5,0.5,0,0,0.3,20.8,2.5
2,2021-02-01 04:32:38,2021-02-01 04:34:30,1,.77,1,N,90,48,4,-4,-0.5,-0.5,0,0,-0.3,-7.8,-2.5
2,2021-02-01 04:32:38,2021-02-01 04:34:30,1,.77,1,N,90,100,2,4,0.5,0.5,0,0,0.3,7.8,2.5
1,2021-02-01 04:43:22,2021-02-01 05:08:17,1,.00,1,N,74,254,1,27.2,0,0.5,0,0,0.3,28,0
1,2021-02-01 04:57:41,2021-02-01 05:00:31,1,.30,1,N,233,170,1,4,3,0.5,1.95,0,0.3,9.75,2.5
2,2021-02-01 04:58:09,2021-02-01 05:16:09,1,4.30,1,N,186,166,2,15.5,0.5,0.5,0,0,0.3,19.3,2.5
2,2021-02-01 04:18:23,2021-02-01 04:36:07,6,7.20,1,N,137,56,2,21.5,0.5,0.5,0,6.12,0.3,31.42,2.5
2,2021-02-01 04:21:51,2021-02-01 04:33:13,1,2.47,1,N,262,74,2,10.5,0.5,0.5,0,0,0.3,14.3,2.5
2,2021-02-01 04:47:04,2021-02-01 04:47:54,5,.00,5,N,75,264,1,5,0,0.5,0,0,0.3,5.8,0
2,2021-02-01 04:39:38,2021-02-01 04:42:33,1,.96,1,N,100,90,2,4.5,0.5,0.5,0,0,0.3,8.3,2.5
2,2021-02-01 04:57:48,2021-02-01 05:07:13,1,1.76,1,N,234,79,1,8.5,0.5,0.5,0,0,0.3,12.3,2.5
1,2021-02-01 05:00:49,2021-02-01 05:13:10,1,2.30,1,N,143,162,2,10.5,3,0.5,0,0,0.3,14.3,2.5
1,2021-02-01 05:45:54,2021-02-01 05:53:32,1,1.80,1,N,48,239,2,8,3,0.5,0,0,0.3,11.8,2.5
2,2021-02-01 06:10:29,2021-02-01 06:15:27,1,.67,1,N,237,140,2,5,0.5,0.5,0,0,0.3,8.8,2.5
2,2021-02-01 06:52:11,2021-02-01 06:59:56,1,.80,1,N,237,140,2,6.5,0.5,0.5,0,0,0.3,10.3,2.5
2,2021-02-01 05:18:14,2021-02-01 05:33:56,1,4.53,1,N,41,170,2,15.5,0.5,0.5,0,0,0.3,19.3,2.5
2,2021-02-01 05:43:28,2021-02-01 06:06:49,1,5.55,1,N,100,74,2,20,0.5,0.5,0,0,0.3,23.8,2.5
2,2021-02-01 05:47:14,2021-02-01 05:57:47,1,2.15,1,N,233,234,1,9,0.5,0.5,2.56,0,0.3,15.36,2.5
1,2021-02-01 05:49:50,2021-02-01 06:01:05,1,2.00,1,N,75,41,2,9.5,0.5,0.5,0,0,0.3,10.8,0
2,2021-02-01 05:24:07,2021-02-01 05:29:35,1,1.26,1,N,48,186,2,6,0.5,0.5,0,0,0.3,9.8,2.5
2,2021-02-01 05:54:39,2021-02-01 06:28:13,1,7.49,1,N,100,194,2,0,0,0,0,0,0,0,0
2,2021-02-01 05:50:41,2021-02-01 05:58:16,1,1.25,1,N,42,42,2,7,0.5,0.5,0,0,0.3,8.3,0
2,2021-02-01 06:00:25,2021-02-01 06:19:57,1,3.03,1,N,42,168,1,13.5,0.5,0.5,0,0,0.3,14.8,0
1,2021-02-01 05:47:14,2021-02-01 05:57:14,1,1.40,1,N,229,140,1,8,3,0.5,3.5,0,0.3,15.3,2.5
2,2021-02-01 05:56:00,2021-02-01 06:05:08,3,2.43,1,N,146,233,2,9,0.5,0.5,0,0,0.3,12.8,2.5
2,2021-02-01 05:15:06,2021-02-01 05:25:42,1,4.72,1,N,42,140,1,14.5,0.5,0.5,10,0,0.3,28.3,2.5
2,2021-02-01 05:53:53,2021-02-01 06:03:22,1,3.28,1,N,263,137,1,11,0.5,0.5,2.96,0,0.3,17.76,2.5
2,2021-02-01 05:58:31,2021-02-01 06:04:58,1,1.00,1,N,170,100,2,6,0.5,0.5,0,0,0.3,9.8,2.5
2,2021-02-01 05:41:02,2021-02-01 05:50:26,1,1.38,1,N,141,161,2,8,0.5,0.5,0,0,0.3,11.8,2.5
2,2021-02-01 05:56:22,2021-02-01 06:04:21,1,1.78,1,N,237,75,1,8,0.5,0.5,3.54,0,0.3,15.34,2.5
1,2021-02-01 05:35:11,2021-02-01 05:41:07,1,1.90,1,N,170,140,2,7.5,3,0.5,0,0,0.3,11.3,2.5
1,2021-02-01 05:43:54,2021-02-01 05:49:44,0,1.60,1,N,140,75,1,6.5,3,0.5,3,0,0.3,13.3,2.5
1,2021-02-01 05:52:20,2021-02-01 05:59:49,1,1.10,1,N,236,43,1,7,0.5,0.5,0,0,0.3,8.3,0
2,2021-02-01 05:45:37,2021-02-01 05:51:32,1,1.10,1,N,234,137,2,5.5,0.5,0.5,0,0,0.3,9.3,2.5
2,2021-02-01 05:54:11,2021-02-01 06:11:21,1,3.81,1,N,41,140,2,14.5,0.5,0.5,0,0,0.3,18.3,2.5
2,2021-02-01 05:16:01,2021-02-01 05:21:51,1,.79,1,N,238,143,2,5.5,0.5,0.5,0,0,0.3,9.3,2.5
2,2021-02-01 05:31:12,2021-02-01 05:47:30,1,4.03,1,N,48,261,1,14,0.5,0.5,5.34,0,0.3,23.14,2.5
2,2021-02-01 05:25:16,2021-02-01 05:41:41,1,3.05,1,N,42,236,1,13,0.5,0.5,0,0,0.3,16.8,2.5
2,2021-02-01 05:52:45,2021-02-01 05:58:15,1,1.76,1,N,229,107,2,7,0.5,0.5,0,0,0.3,10.8,2.5
2,2021-02-01 05:03:37,2021-02-01 05:41:23,1,16.45,3,N,48,1,2,63.5,0.5,0,0,17.87,0.3,82.17,0
2,2021-02-01 05:45:06,2021-02-01 05:45:39,1,.00,3,N,1,1,1,20,0.5,0,21,0,0.3,41.8,0
1,2021-02-01 05:08:29,2021-02-01 05:14:23,2,1.60,1,N,186,161,1,7,3,0.5,2.7,0,0.3,13.5,2.5
2,2021-02-01 05:54:04,2021-02-01 06:01:29,1,1.06,1,N,79,113,1,7,0.5,0.5,1.5,0,0.3,12.3,2.5
2,2021-02-01 05:34:54,2021-02-01 05:47:11,1,4.21,1,N,263,107,1,14,0.5,0.5,3.56,0,0.3,21.36,2.5
1,2021-02-01 05:19:48,2021-02-01 05:22:43,1,.60,1,N,142,239,2,4.5,3,0.5,0,0,0.3,8.3,2.5
1,2021-02-01 05:06:02,2021-02-01 05:25:53,1,4.00,1,N,50,13,1,16,3,0.5,4.95,0,0.3,24.75,2.5
1,2021-02-01 05:37:26,2021-02-01 05:39:00,1,.20,1,N,125,211,3,3,3,0.5,0,0,0.3,6.8,2.5
2,2021-02-01 05:35:03,2021-02-01 05:44:53,1,1.67,1,N,186,142,1,8.5,0.5,0.5,2.46,0,0.3,14.76,2.5
2,2021-02-01 05:51:51,2021-02-01 06:00:11,1,1.75,1,N,48,186,1,7.5,0.5,0.5,1.25,0,0.3,12.55,2.5
2,2021-02-01 05:27:28,2021-02-01 05:47:24,1,1.67,1,N,262,75,2,12.5,0.5,0.5,0,0,0.3,16.3,2.5
2,2021-02-01 04:56:01,2021-02-01 05:10:13,2,5.20,1,N,262,7,2,16.5,0.5,0.5,0,6.12,0.3,26.42,2.5
1,2021-02-01 05:36:03,2021-02-01 06:13:31,3,12.60,1,N,186,165,3,39,3,0.5,0,0,0.3,42.8,2.5
2,2021-02-01 05:49:52,2021-02-01 05:58:55,1,1.63,1,N,151,75,1,8.5,0.5,0.5,1,0,0.3,10.8,0
1,2021-02-01 05:13:08,2021-02-01 05:31:54,1,4.50,1,N,75,68,1,16.5,3,0.5,2,0,0.3,22.3,2.5
2,2021-02-01 05:04:38,2021-02-01 05:11:23,2,1.23,1,N,48,100,1,6.5,0.5,0.5,2.58,0,0.3,12.88,2.5
2,2021-02-01 05:15:12,2021-02-01 05:22:45,1,1.50,1,N,186,137,2,7,0.5,0.5,0,0,0.3,10.8,2.5
2,2021-02-01 05:23:36,2021-02-01 05:29:04,2,2.05,1,N,137,232,2,7.5,0.5,0.5,0,0,0.3,11.3,2.5
2,2021-02-01 05:30:10,2021-02-01 05:42:30,2,4.52,1,N,232,237,1,14.5,0.5,0.5,5,0,0.3,23.3,2.5
2,2021-02-01 05:58:16,2021-02-01 06:07:31,2,2.46,1,N,263,41,2,9.5,0.5,0.5,0,0,0.3,13.3,2.5
1,2021-02-01 05:40:10,2021-02-01 05:52:58,1,2.50,1,N,142,151,2,11,3.5,0.5,0,0,0.3,15.3,2.5
1,2021-02-01 05:56:03,2021-02-01 06:12:21,1,1.90,1,N,151,142,1,12,3.5,0.5,4.85,0,0.3,21.15,2.5
2,2021-02-01 05:18:09,2021-02-01 05:25:49,1,.89,1,N,262,236,1,6.5,0.5,0.5,3.09,0,0.3,13.39,2.5
2,2021-02-01 05:31:28,2021-02-01 05:37:19,1,1.04,1,N,236,239,2,6,0.5,0.5,0,0,0.3,9.8,2.5
2,2021-02-01 05:40:18,2021-02-01 05:46:48,1,1.47,1,N,239,43,1,6.5,0.5,0.5,1.75,0,0.3,12.05,2.5
2,2021-02-01 05:48:31,2021-02-01 05:58:03,1,2.09,1,N,238,152,2,9,0.5,0.5,0,0,0.3,12.8,2.5
1,2021-02-01 05:20:17,2021-02-01 05:26:24,1,1.60,1,N,211,234,1,7,3,0.5,2,0,0.3,12.8,2.5
1,2021-02-01 05:32:59,2021-02-01 05:36:44,1,.70,1,N,164,170,2,4.5,3,0.5,0,0,0.3,8.3,2.5
1,2021-02-01 05:32:35,2021-02-01 05:39:02,1,1.60,1,Y,79,170,2,7,3,0.5,0,0,0.3,10.8,2.5
2,2021-02-01 04:40:21,2021-02-01 04:52:25,1,2.82,1,N,238,42,2,11.5,0.5,0.5,0,0,0.3,15.3,2.5
2,2021-02-01 05:19:42,2021-02-01 05:26:06,1,1.16,1,N,186,170,1,6,0.5,0.5,1.96,0,0.3,11.76,2.5
2,2021-02-01 05:01:05,2021-02-01 05:01:08,1,.00,1,N,264,264,2,2.5,0.5,0.5,0,0,0.3,3.8,0
1,2021-02-01 05:36:05,2021-02-01 05:41:39,1,1.00,1,N,262,140,1,5.5,3,0.5,4,0,0.3,13.3,2.5
2,2021-02-01 05:37:59,2021-02-01 06:20:28,1,13.93,1,N,45,207,1,41.5,0.5,0.5,0,6.12,0.3,48.92,0
2,2021-02-01 05:03:41,2021-02-01 05:07:55,1,.80,1,N,263,141,2,5,0.5,0.5,0,0,0.3,8.8,2.5
2,2021-02-01 05:13:11,2021-02-01 05:18:02,1,1.28,1,N,75,74,1,6,0.5,0.5,0,0,0.3,7.3,0
2,2021-02-01 05:29:03,2021-02-01 05:39:59,1,1.88,1,N,74,42,2,9.5,0.5,0.5,0,0,0.3,10.8,0
2,2021-02-01 05:46:59,2021-02-01 05:53:08,1,1.44,1,N,229,137,1,6.5,0.5,0.5,3.09,0,0.3,13.39,2.5
2,2021-02-01 05:59:58,2021-02-01 06:05:02,1,.92,1,N,186,246,2,5.5,0.5,0.5,0,0,0.3,9.3,2.5
2,2021-02-01 05:35:24,2021-02-01 05:48:23,1,2.50,1,N,226,145,1,10.5,0.5,0.5,3.54,0,0.3,15.34,0
1,2021-02-01 05:33:05,2021-02-01 06:00:31,1,.00,1,N,243,164,1,26.2,0,0.5,0,0,0.3,27,0
2,2021-02-01 03:41:15,2021-02-01 03:49:33,1,.88,5,N,75,263,1,7.75,0,0.5,1.12,0,0.3,9.67,0
2,2021-02-01 05:37:41,2021-02-01 05:42:19,2,.53,1,N,42,41,2,4.5,0.5,0.5,0,0,0.3,5.8,0
2,2021-02-01 05:55:19,2021-02-01 06:20:24,2,6.86,1,N,238,232,2,23,0.5,0.5,0,0,0.3,26.8,2.5
1,2021-02-01 05:30:01,2021-02-01 05:36:23,1,1.10,1,N,186,233,1,6,3,0.5,1.95,0,0.3,11.75,2.5
2,2021-02-01 05:46:24,2021-02-01 06:09:41,1,6.91,1,N,244,140,1,22.5,0.5,0.5,3,0,0.3,29.3,2.5
1,2021-02-01 05:34:47,2021-02-01 05:44:04,1,1.20,1,N,100,246,1,7.5,3,0.5,2.25,0,0.3,13.55,2.5
2,2021-02-01 05:41:13,2021-02-01 05:49:39,3,1.67,1,N,238,163,2,8,0.5,0.5,0,0,0.3,11.8,2.5
1,2021-02-01 05:58:28,2021-02-01 06:02:14,1,1.20,1,N,107,162,1,5.5,3,0.5,1,0,0.3,10.3,2.5
2,2021-02-01 05:51:09,2021-02-01 06:00:23,1,1.69,1,N,162,143,1,8.5,0.5,0.5,0,0,0.3,12.3,2.5
2,2021-02-01 05:11:11,2021-02-01 05:50:59,6,10.69,1,N,137,35,2,35.5,0.5,0.5,0,0,0.3,39.3,2.5
2,2021-02-01 05:53:11,2021-02-01 06:07:16,1,3.76,1,N,226,263,2,13,0.5,0.5,0,0,0.3,16.8,2.5
2,2021-02-01 05:14:29,2021-02-01 05:54:16,1,7.10,1,N,100,68,2,29.5,0.5,0.5,0,0,0.3,33.3,2.5
1,2021-02-01 05:49:32,2021-02-01 06:00:39,1,1.00,1,N,100,233,2,8,2.5,0.5,0,0,0.3,11.3,2.5
2,2021-02-01 05:17:04,2021-02-01 05:21:11,1,.67,1,N,166,151,1,5,0.5,0.5,1.26,0,0.3,7.56,0
2,2021-02-01 05:24:48,2021-02-01 05:51:47,2,5.06,1,N,238,170,2,19.5,0.5,0.5,0,0,0.3,23.3,2.5
2,2021-02-01 05:50:21,2021-02-01 06:09:08,1,3.40,1,N,151,237,1,14,0.5,0.5,3.56,0,0.3,21.36,2.5
2,2021-02-01 05:44:40,2021-02-01 06:10:55,1,4.24,1,N,116,236,1,18,0.5,0.5,0,0,0.3,21.8,2.5
1,2021-02-01 06:18:53,2021-02-01 06:22:14,1,.80,1,N,238,151,1,4.5,0,0.5,0.95,0,0.3,6.25,0
1,2021-02-01 06:26:43,2021-02-01 06:37:25,1,1.90,1,Y,151,75,2,7.5,0,0.5,0,0,0.3,8.3,0
1,2021-02-01 06:45:22,2021-02-01 06:53:55,1,1.40,1,N,238,236,1,7.5,2.5,0.5,2.15,0,0.3,12.95,2.5
2,2021-02-01 06:23:34,2021-02-01 06:32:38,6,1.89,1,N,100,107,2,8,0,0.5,0,0,0.3,11.3,2.5
2,2021-02-01 06:52:35,2021-02-01 07:02:37,6,1.50,1,N,186,79,1,7.5,0,0.5,2.7,0,0.3,13.5,2.5
2,2021-02-01 06:44:58,2021-02-01 07:20:40,1,6.07,1,N,68,260,2,25.5,0,0.5,0,0,0.3,28.8,2.5
2,2021-02-01 07:14:29,2021-02-01 07:21:59,1,.89,1,N,237,140,2,6.5,0,0.5,0,0,0.3,9.8,2.5
2,2021-02-01 07:42:52,2021-02-01 07:47:20,1,.57,1,N,236,262,2,4.5,0,0.5,0,0,0.3,7.8,2.5
2,2021-02-01 06:57:54,2021-02-01 07:05:21,1,1.97,1,N,237,100,2,8,0,0.5,0,0,0.3,11.3,2.5
2,2021-02-01 06:21:17,2021-02-01 06:27:10,2,1.39,1,N,90,100,2,6.5,0,0.5,0,0,0.3,9.8,2.5
2,2021-02-01 06:40:38,2021-02-01 06:44:33,1,.51,1,N,107,107,1,4.5,0,0.5,1.56,0,0.3,9.36,2.5
2,2021-02-01 06:46:32,2021-02-01 06:54:39,1,2.79,1,N,107,140,1,9.5,0,0.5,2.56,0,0.3,15.36,2.5
2,2021-02-01 06:59:52,2021-02-01 07:01:56,1,.42,1,N,229,162,1,3.5,0,0.5,1.36,0,0.3,8.16,2.5
2,2021-02-01 06:04:33,2021-02-01 06:09:15,1,.95,1,N,79,170,1,5.5,0,0.5,0.2,0,0.3,9,2.5
2,2021-02-01 06:26:24,2021-02-01 06:30:40,1,.66,1,N,236,75,1,4.5,0,0.5,1.56,0,0.3,9.36,2.5
2,2021-02-01 06:41:28,2021-02-01 06:51:56,1,2.41,1,N,263,162,1,9.5,0,0.5,2.56,0,0.3,15.36,2.5
1,2021-02-01 06:45:36,2021-02-01 06:50:15,1,1.00,1,N,186,161,2,5.5,2.5,0.5,0,0,0.3,8.8,2.5
2,2021-02-01 06:35:41,2021-02-01 06:43:21,1,.88,1,N,42,41,2,6.5,0,0.5,0,0,0.3,7.3,0
2,2021-02-01 06:56:27,2021-02-01 07:03:31,1,1.13,1,N,238,75,1,6.5,0,0.5,1.96,0,0.3,11.76,2.5
2,2021-02-01 06:38:50,2021-02-01 06:46:44,1,1.59,1,N,141,230,1,7.5,0,0.5,1.62,0,0.3,12.42,2.5
1,2021-02-01 06:44:55,2021-02-01 06:48:34,1,.80,1,N,152,166,2,5,0,0.5,0,0,0.3,5.8,0
1,2021-02-01 06:51:31,2021-02-01 07:17:24,1,4.00,1,N,166,229,1,18,2.5,0.5,4.25,0,0.3,25.55,2.5
2,2021-02-01 06:21:14,2021-02-01 06:32:26,2,2.60,1,N,249,170,1,10,0,0.5,3.99,0,0.3,17.29,2.5
2,2021-02-01 06:41:57,2021-02-01 06:45:47,3,.79,1,N,161,163,1,5,0,0.5,1.66,0,0.3,9.96,2.5
2,2021-02-01 06:51:26,2021-02-01 06:57:51,2,1.13,1,N,162,164,2,6,0,0.5,0,0,0.3,9.3,2.5
1,2021-02-01 06:27:16,2021-02-01 06:33:01,1,1.30,1,N,229,262,2,6.5,2.5,0.5,0,0,0.3,9.8,2.5
2,2021-02-01 06:53:49,2021-02-01 07:02:20,1,1.22,1,N,68,234,1,7.5,0,0.5,2.16,0,0.3,12.96,2.5
1,2021-02-01 06:37:05,2021-02-01 06:44:06,1,1.30,1,N,42,74,1,6.5,0,0.5,1,0,0.3,8.3,0
1,2021-02-01 06:53:19,2021-02-01 06:58:37,2,.10,1,N,263,263,1,5,2.5,0.5,3.7,0,0.3,12,2.5
2,2021-02-01 06:13:32,2021-02-01 06:17:13,3,1.56,1,N,233,140,1,6,0,0.5,1.86,0,0.3,11.16,2.5
2,2021-02-01 06:35:31,2021-02-01 06:42:32,1,.94,5,N,262,75,1,7,0,0.5,1.02,0,0.3,11.32,2.5
2,2021-02-01 06:18:45,2021-02-01 06:35:56,1,2.90,1,N,262,50,1,13,0,0.5,4.89,0,0.3,21.19,2.5
2,2021-02-01 06:52:14,2021-02-01 06:56:21,1,1.15,1,N,238,24,2,5.5,0,0.5,0,0,0.3,8.8,2.5
1,2021-02-01 06:18:31,2021-02-01 06:27:14,1,1.60,1,N,238,142,1,8,2.5,0.5,1.7,0,0.3,13,2.5
1,2021-02-01 06:39:36,2021-02-01 06:50:57,1,1.70,1,N,151,75,2,9,2.5,0.5,0,0,0.3,12.3,2.5
2,2021-02-01 06:38:13,2021-02-01 06:51:25,1,3.17,1,N,68,140,1,11.5,0,0.5,4.44,0,0.3,19.24,2.5
2,2021-02-01 06:38:31,2021-02-01 06:44:41,2,1.37,1,N,186,246,1,6,0,0.5,1.86,0,0.3,11.16,2.5
2,2021-02-01 06:49:13,2021-02-01 07:01:19,2,2.86,1,N,186,229,2,11,0,0.5,0,0,0.3,14.3,2.5
1,2021-02-01 06:48:51,2021-02-01 06:53:04,1,.70,1,N,262,236,1,5,2.5,0.5,2.05,0,0.3,10.35,2.5
1,2021-02-01 06:05:50,2021-02-01 06:16:57,0,2.90,1,N,74,141,1,10.5,2.5,0.5,3,0,0.3,16.8,2.5
1,2021-02-01 06:26:03,2021-02-01 06:36:42,0,3.60,1,N,75,42,2,12,0,0.5,0,0,0.3,12.8,0
2,2021-02-01 06:09:21,2021-02-01 06:29:17,1,4.55,1,N,74,230,2,17,0,0.5,0,0,0.3,20.3,2.5
2,2021-02-01 06:41:39,2021-02-01 06:48:53,1,2.04,1,N,141,233,1,8.5,0,0.5,1.42,0,0.3,13.22,2.5
2,2021-02-01 06:53:38,2021-02-01 06:58:55,1,1.19,1,N,229,140,1,6,0,0.5,3,0,0.3,12.3,2.5
1,2021-02-01 06:44:26,2021-02-01 06:53:25,1,1.90,1,N,238,75,1,8.5,2.5,0.5,2.95,0,0.3,14.75,2.5
2,2021-02-01 06:04:32,2021-02-01 06:07:31,1,.15,1,N,155,155,2,3.5,0,0.5,0,0,0.3,4.3,0
2,2021-02-01 06:07:52,2021-02-01 06:07:56,1,.00,1,N,155,264,2,2.5,0,0.5,0,0,0.3,3.3,0
2,2021-02-01 06:13:52,2021-02-01 06:14:34,1,.16,1,N,39,39,2,2.5,0,0.5,0,0,0.3,3.3,0
2,2021-02-01 06:39:19,2021-02-01 06:43:10,1,.90,1,N,186,230,1,5,0,0.5,1.66,0,0.3,9.96,2.5
2,2021-02-01 06:47:44,2021-02-01 06:55:25,1,1.16,1,N,186,137,1,6.5,0,0.5,1.96,0,0.3,11.76,2.5
2,2021-02-01 06:57:57,2021-02-01 07:07:22,1,1.40,1,N,107,186,1,7.5,0,0.5,8.88,0,0.3,19.68,2.5
2,2021-02-01 06:59:19,2021-02-01 07:11:08,1,2.88,1,N,220,200,2,10.5,0,0.5,0,0,0.3,11.3,0
2,2021-02-01 06:15:53,2021-02-01 06:19:57,1,1.30,1,N,263,141,1,5.5,0,0.5,1.32,0,0.3,10.12,2.5
1,2021-02-01 06:17:49,2021-02-01 06:42:37,1,6.80,1,Y,140,17,1,23,2.5,0.5,2,0,0.3,28.3,2.5
2,2021-02-01 06:43:03,2021-02-01 06:52:41,1,1.68,1,N,238,236,1,8.5,0,0.5,2.95,0,0.3,14.75,2.5
1,2021-02-01 06:29:19,2021-02-01 06:46:16,1,.00,1,N,76,76,1,16.2,0,0.5,0,0,0.3,17,0
2,2021-02-01 06:53:36,2021-02-01 06:58:37,1,.90,1,N,48,161,1,5,0,0.5,2.49,0,0.3,10.79,2.5
1,2021-02-01 06:54:39,2021-02-01 07:00:10,1,.70,1,N,137,107,2,5.5,2.5,0.5,0,0,0.3,8.8,2.5
2,2021-02-01 06:23:40,2021-02-01 06:47:36,2,4.65,1,N,166,170,1,18.5,0,0.5,5.45,0,0.3,27.25,2.5
1,2021-02-01 06:01:20,2021-02-01 06:11:42,1,2.50,1,N,186,141,1,9.5,2.5,0.5,3.2,0,0.3,16,2.5
1,2021-02-01 06:20:26,2021-02-01 06:28:40,1,1.30,1,N,170,246,2,7.5,2.5,0.5,0,0,0.3,10.8,2.5
1,2021-02-01 06:55:50,2021-02-01 07:16:09,1,5.90,1,N,137,74,2,19,2.5,0.5,0,0,0.3,22.3,2.5
2,2021-02-01 06:00:57,2021-02-01 06:04:38,1,1.11,1,N,90,100,1,5.5,0.5,0.5,1.2,0,0.3,10.5,2.5
2,2021-02-01 06:38:07,2021-02-01 06:42:51,1,1.21,1,N,262,140,1,6,0,0.5,2,0,0.3,11.3,2.5
2,2021-02-01 06:47:16,2021-02-01 07:26:04,1,18.50,2,N,79,132,2,52,0,0.5,0,6.12,0.3,61.42,2.5
2,2021-02-01 06:26:29,2021-02-01 06:36:31,2,1.30,1,N,100,137,1,8,0,0.5,1,0,0.3,12.3,2.5
2,2021-02-01 06:09:01,2021-02-01 06:18:38,1,2.17,1,N,170,140,1,9,0,0.5,4,0,0.3,16.3,2.5
1,2021-02-01 06:16:06,2021-02-01 06:24:36,1,1.90,1,N,233,141,1,8,2.5,0.5,1.13,0,0.3,12.43,2.5
1,2021-02-01 06:42:22,2021-02-01 07:03:32,1,4.60,1,N,263,79,2,16.5,2.5,0.5,0,0,0.3,19.8,2.5
2,2021-02-01 06:52:20,2021-02-01 07:05:13,2,2.25,1,N,116,42,2,10,0,0.5,0,0,0.3,10.8,0
1,2021-02-01 06:11:16,2021-02-01 06:21:42,1,3.40,1,N,263,137,2,11,2.5,0.5,0,0,0.3,14.3,2.5
1,2021-02-01 06:29:33,2021-02-01 06:34:25,1,1.90,1,N,229,262,1,7,2.5,0.5,2.55,0,0.3,12.85,2.5
1,2021-02-01 06:38:19,2021-02-01 06:47:28,1,2.60,1,N,263,137,1,10,2.5,0.5,3.3,0,0.3,16.6,2.5
1,2021-02-01 06:57:11,2021-02-01 07:07:44,1,2.40,1,N,263,161,1,10,2.5,0.5,2,0,0.3,15.3,2.5
2,2021-02-01 06:01:03,2021-02-01 06:07:26,2,.96,1,N,42,74,2,6,0,0.5,0,0,0.3,6.8,0
2,2021-02-01 06:08:25,2021-02-01 06:19:13,2,1.28,1,N,74,42,2,8,0,0.5,0,0,0.3,8.8,0
2,2021-02-01 06:46:42,2021-02-01 07:36:47,2,12.09,1,N,142,73,1,40.5,0,0.5,0,0,0.3,43.8,2.5
2,2021-02-01 06:56:50,2021-02-01 07:06:18,1,1.20,1,N,107,107,2,8,0,0.5,0,0,0.3,11.3,2.5
2,2021-02-01 06:39:39,2021-02-01 06:47:56,1,1.74,1,N,163,141,2,7.5,0,0.5,0,0,0.3,10.8,2.5
2,2021-02-01 06:56:16,2021-02-01 07:03:49,1,2.07,1,N,141,170,1,8.5,0,0.5,2.36,0,0.3,14.16,2.5
1,2021-02-01 06:37:27,2021-02-01 06:50:41,1,2.40,1,N,42,151,2,11,0,0.5,0,0,0.3,11.8,0
2,2021-02-01 06:58:18,2021-02-01 07:02:59,1,.67,1,N,186,246,1,5,0,0.5,1.66,0,0.3,9.96,2.5
2,2021-02-01 06:38:11,2021-02-01 06:47:58,1,1.62,1,N,229,142,1,8.5,0,0.5,2.36,0,0.3,14.16,2.5
2,2021-02-01 06:48:56,2021-02-01 06:57:48,1,2.21,1,N,48,239,1,9.5,0,0.5,1.92,0,0.3,14.72,2.5
1,2021-02-01 06:45:11,2021-02-01 06:52:27,1,1.70,1,N,142,246,1,7.5,2.5,0.5,2.15,0,0.3,12.95,2.5
1,2021-02-01 06:35:56,2021-02-01 07:08:30,1,.00,1,N,238,17,1,26.2,0,0.5,0,0,0.3,27,0
2,2021-02-01 06:18:04,2021-02-01 06:33:57,1,3.65,1,N,141,166,1,13.5,0,0.5,4.2,0,0.3,21,2.5
2,2021-02-01 07:05:28,2021-02-01 07:39:45,1,4.43,1,N,151,229,1,23.5,0,0.5,8.04,0,0.3,34.84,2.5
2,2021-02-01 06:01:04,2021-02-01 06:08:00,3,1.52,1,N,186,107,2,6.5,0.5,0.5,0,0,0.3,10.3,2.5
2,2021-02-01 06:15:12,2021-02-01 06:21:37,1,1.02,1,N,234,137,1,6,0,0.5,0,0,0.3,9.3,2.5
2,2021-02-01 06:03:31,2021-02-01 06:13:55,1,1.88,1,N,42,168,2,9,0,0.5,0,0,0.3,9.8,0
2,2021-02-01 06:43:38,2021-02-01 06:49:53,1,.88,1,N,100,170,1,5.5,0,0.5,1,0,0.3,9.8,2.5
2,2021-02-01 06:10:31,2021-02-01 06:25:46,1,4.68,1,N,87,230,1,15.5,0,0.5,2.5,0,0.3,21.3,2.5
2,2021-02-01 06:37:36,2021-02-01 06:46:18,1,1.16,1,N,186,137,1,7,0,0.5,2.06,0,0.3,12.36,2.5
2,2021-02-01 06:52:55,2021-02-01 07:02:34,1,2.02,1,N,140,75,1,8.5,0,0.5,2.36,0,0.3,14.16,2.5
1,2021-02-01 06:32:15,2021-02-01 06:42:45,1,2.60,1,N,142,170,1,10,2.5,0.5,10,0,0.3,23.3,2.5
1,2021-02-01 06:45:38,2021-02-01 06:50:42,1,1.40,1,N,170,234,1,6,2.5,0.5,1.86,0,0.3,11.16,2.5
2,2021-02-01 06:03:51,2021-02-01 06:11:19,2,1.56,1,N,141,170,2,7,0,0.5,0,0,0.3,10.3,2.5
2,2021-02-01 06:15:04,2021-02-01 06:22:00,2,1.17,1,N,170,48,1,6.5,0,0.5,1.96,0,0.3,11.76,2.5
2,2021-02-01 06:28:30,2021-02-01 06:43:43,1,2.27,1,N,238,74,1,10.5,0,0.5,2.76,0,0.3,16.56,2.5
2,2021-02-01 06:53:11,2021-02-01 06:57:05,2,1.34,1,N,262,140,1,6,0,0.5,2.32,0,0.3,11.62,2.5
1,2021-02-01 06:28:15,2021-02-01 06:46:51,1,6.60,1,N,75,137,1,21,2.5,0.5,1.7,0,0.3,26,2.5
1,2021-02-01 06:58:42,2021-02-01 07:06:50,1,1.30,1,N,229,140,1,7.5,2.5,0.5,3.2,0,0.3,14,2.5
1,2021-02-01 06:33:16,2021-02-01 06:57:49,1,2.80,1,N,79,231,1,17,2.5,0.5,5.05,0,0.3,25.35,2.5
2,2021-02-01 06:37:07,2021-02-01 06:45:01,1,1.38,1,N,186,137,1,7,0,0.5,0,0,0.3,10.3,2.5
1,2021-02-01 06:36:58,2021-02-01 06:48:44,2,4.10,1,N,148,140,2,13.5,2.5,0.5,0,0,0.3,16.8,2.5
1,2021-02-01 06:57:47,2021-02-01 07:03:03,2,1.30,1,N,141,43,2,6,2.5,0.5,0,0,0.3,9.3,2.5
1,2021-02-01 06:54:02,2021-02-01 06:58:38,1,1.00,1,N,262,140,1,5.5,2.5,0.5,1.75,0,0.3,10.55,2.5
2,2021-02-01 06:15:29,2021-02-01 06:24:59,1,2.68,1,N,79,140,1,10,0,0.5,1,0,0.3,14.3,2.5
2,2021-02-01 06:32:03,2021-02-01 06:34:08,1,.46,1,N,140,140,1,3.5,0,0.5,1.36,0,0.3,8.16,2.5
2,2021-02-01 06:40:29,2021-02-01 07:04:21,1,7.01,1,N,140,244,1,23,0,0.5,5.26,0,0.3,31.56,2.5
2,2021-02-01 06:01:05,2021-02-01 06:07:32,1,1.58,1,N,75,151,2,7,0,0.5,0,0,0.3,7.8,0
2,2021-02-01 06:12:08,2021-02-01 06:20:38,1,3.39,1,N,239,164,1,11,0,0.5,2.86,0,0.3,17.16,2.5
2,2021-02-01 06:56:28,2021-02-01 07:06:20,1,2.40,1,N,230,137,2,10,0,0.5,0,0,0.3,13.3,2.5
2,2021-02-01 06:31:05,2021-02-01 06:49:59,1,4.09,1,N,166,162,1,15.5,0,0.5,3.76,0,0.3,22.56,2.5
2,2021-02-01 06:56:47,2021-02-01 07:05:23,1,2.05,1,N,170,236,1,8.5,0,0.5,3.54,0,0.3,15.34,2.5
1,2021-02-01 06:50:13,2021-02-01 07:03:50,1,2.80,1,N,230,75,1,11.5,2.5,0.5,3.7,0,0.3,18.5,2.5
2,2021-02-01 06:42:52,2021-02-01 06:53:26,1,1.93,1,N,236,161,1,9,0,0.5,6,0,0.3,18.3,2.5
2,2021-02-01 06:11:19,2021-02-01 06:18:48,1,1.95,1,N,79,170,1,8,0,0.5,2.26,0,0.3,13.56,2.5
2,2021-02-01 06:35:10,2021-02-01 06:41:08,1,.94,1,N,161,137,1,5.5,0,0.5,1.76,0,0.3,10.56,2.5
2,2021-02-01 06:49:46,2021-02-01 07:06:49,1,3.39,1,N,170,125,2,13.5,0,0.5,0,0,0.3,16.8,2.5
1,2021-02-01 06:31:59,2021-02-01 06:47:47,1,2.90,1,N,142,249,1,12.5,3.5,0.5,3.35,0,0.3,20.15,2.5
1,2021-02-01 06:52:59,2021-02-01 07:00:59,1,1.50,1,N,158,125,1,7.5,3.5,0.5,0,0,0.3,11.8,2.5
1,2021-02-01 06:40:06,2021-02-01 06:45:31,1,1.00,1,N,229,140,1,6,2.5,0.5,1.85,0,0.3,11.15,2.5
2,2021-02-01 06:08:56,2021-02-01 06:24:19,1,2.78,1,N,238,140,1,12.5,0,0.5,4.74,0,0.3,20.54,2.5
2,2021-02-01 06:40:55,2021-02-01 06:43:44,1,.92,1,N,263,141,1,4.5,0,0.5,1,0,0.3,8.8,2.5
2,2021-02-01 06:54:45,2021-02-01 07:00:19,1,2.17,1,N,263,162,2,7.5,0,0.5,0,0,0.3,10.8,2.5
2,2021-02-01 06:08:56,2021-02-01 06:12:28,1,.71,1,N,68,246,1,4.5,0,0.5,1.56,0,0.3,9.36,2.5
1,2021-02-01 06:08:00,2021-02-01 06:35:24,1,8.50,1,N,239,97,1,27,2.5,0.5,1,0,0.3,31.3,2.5
1,2021-02-01 06:49:55,2021-02-01 06:55:00,2,1.30,1,N,79,137,2,6,2.5,0.5,0,0,0.3,9.3,2.5
1,2021-02-01 06:11:47,2021-02-01 06:20:47,1,2.00,1,N,75,41,2,8.5,0,0.5,0,0,0.3,9.3,0
1,2021-02-01 06:58:42,2021-02-01 07:13:58,1,2.30,1,N,140,142,1,11.5,2.5,0.5,3.7,0,0.3,18.5,2.5
2,2021-02-01 06:37:30,2021-02-01 06:58:55,1,3.76,1,N,151,140,2,16,0,0.5,0,0,0.3,19.3,2.5
2,2021-02-01 06:57:00,2021-02-01 06:58:16,1,.31,1,N,237,162,2,3,0,0.5,0,0,0.3,6.3,2.5
1,2021-02-01 06:58:17,2021-02-01 07:14:45,1,2.00,1,N,168,126,1,11,0.5,0.5,2.45,0,0.3,14.75,0
2,2021-02-01 06:23:40,2021-02-01 06:48:40,1,8.38,1,N,132,76,2,25.5,0,0.5,0,0,0.3,26.3,0
1,2021-02-01 06:09:25,2021-02-01 06:18:45,1,3.60,1,N,79,140,1,11.5,2.5,0.5,4.4,0,0.3,19.2,2.5
1,2021-02-01 06:36:35,2021-02-01 06:44:29,1,1.80,1,N,229,100,2,8,2.5,0.5,0,0,0.3,11.3,2.5
1,2021-02-01 06:53:11,2021-02-01 07:10:57,1,4.70,1,N,48,75,1,16.5,2.5,0.5,3.95,0,0.3,23.75,2.5
2,2021-02-01 05:36:03,2021-02-01 05:42:29,1,1.19,1,N,262,75,1,6.5,0,0.5,1.96,0,0.3,11.76,2.5
2,2021-02-01 06:14:03,2021-02-01 06:52:30,1,13.28,1,N,236,73,2,39,0,0.5,0,0,0.3,42.3,2.5
2,2021-02-01 06:39:08,2021-02-01 06:50:22,1,3.60,1,N,68,238,1,12,0,0.5,3.06,0,0.3,18.36,2.5
2,2021-02-01 06:51:52,2021-02-01 06:59:33,1,1.25,1,N,238,75,1,7,0,0.5,0,0,0.3,7.8,0
2,2021-02-01 06:44:27,2021-02-01 06:48:26,1,1.07,1,N,263,141,2,5.5,0,0.5,0,0,0.3,8.8,2.5
2,2021-02-01 06:00:05,2021-02-01 06:09:19,6,1.41,1,N,170,137,1,7.5,0,0.5,3.24,0,0.3,14.04,2.5
2,2021-02-01 06:17:56,2021-02-01 06:25:50,6,1.46,1,N,162,68,1,7,0,0.5,2.06,0,0.3,12.36,2.5
2,2021-02-01 06:45:35,2021-02-01 07:09:53,6,3.42,1,N,186,140,1,16,0,0.5,3.86,0,0.3,23.16,2.5
2,2021-02-01 06:36:46,2021-02-01 06:39:35,1,.77,1,N,230,163,1,4.5,0,0.5,0,0,0.3,7.8,2.5
2,2021-02-01 06:47:44,2021-02-01 06:53:07,1,.92,1,N,234,137,1,5.5,0,0.5,1.76,0,0.3,10.56,2.5
2,2021-02-01 06:58:53,2021-02-01 07:03:40,1,.85,1,N,137,170,1,5.5,0,0.5,5,0,0.3,13.8,2.5
1,2021-02-01 06:54:34,2021-02-01 07:00:11,1,1.20,1,N,263,237,1,6,2.5,0.5,1,0,0.3,10.3,2.5
2,2021-02-01 06:49:01,2021-02-01 06:59:56,1,5.43,1,N,244,239,1,17,0,0.5,6.09,0,0.3,26.39,2.5
2,2021-02-01 06:33:19,2021-02-01 06:39:19,1,1.44,1,N,179,193,1,6.5,0,0.5,2,0,0.3,9.3,0
2,2021-02-01 06:19:29,2021-02-01 06:30:53,1,4.71,1,N,132,203,2,14.5,0,0.5,0,0,0.3,15.3,0
2,2021-02-01 06:36:48,2021-02-01 06:41:58,1,1.69,1,N,48,68,2,7,0,0.5,0,0,0.3,10.3,2.5
2,2021-02-01 06:19:04,2021-02-01 06:22:30,1,.84,1,N,233,137,2,5,0,0.5,0,0,0.3,8.3,2.5
2,2021-02-01 06:45:34,2021-02-01 06:50:16,1,.92,1,N,170,161,2,5.5,0,0.5,0,0,0.3,8.8,2.5
2,2021-02-01 06:09:42,2021-02-01 06:17:18,1,2.65,1,N,107,140,1,9.5,0,0.5,2.56,0,0.3,15.36,2.5
2,2021-02-01 06:21:28,2021-02-01 06:26:33,1,1.08,1,N,262,140,1,5.5,0,0.5,1.76,0,0.3,10.56,2.5
2,2021-02-01 06:30:45,2021-02-01 06:35:08,1,.82,1,N,229,140,1,5,0,0.5,1,0,0.3,9.3,2.5
2,2021-02-01 06:41:24,2021-02-01 06:55:03,1,3.27,1,N,262,166,2,12,0,0.5,0,0,0.3,15.3,2.5
2,2021-02-01 06:37:10,2021-02-01 06:49:55,5,3.61,1,N,87,100,2,12.5,0,0.5,0,0,0.3,15.8,2.5
1,2021-02-01 06:52:43,2021-02-01 07:05:44,1,1.90,1,N,233,186,1,9.5,2.5,0.5,0,0,0.3,12.8,2.5
2,2021-02-01 06:05:51,2021-02-01 06:14:34,1,1.49,1,N,179,145,2,6.5,0.5,0.5,0,0,0.3,7.8,0
2,2021-02-01 06:28:36,2021-02-01 06:36:50,1,2.43,1,N,263,161,2,9,0,0.5,0,0,0.3,12.3,2.5
2,2021-02-01 06:46:55,2021-02-01 06:57:53,1,2.12,1,N,237,143,2,9,0,0.5,0,0,0.3,12.3,2.5
1,2021-02-01 06:22:19,2021-02-01 06:40:55,1,4.10,1,N,114,141,2,15.5,2.5,0.5,0,0,0.3,18.8,2.5
1,2021-02-01 06:44:06,2021-02-01 07:01:05,1,4.20,1,N,140,249,2,15,2.5,0.5,0,0,0.3,18.3,2.5
2,2021-02-01 06:39:18,2021-02-01 06:49:05,1,.57,1,N,158,249,1,7.5,0,0.5,2.7,0,0.3,13.5,2.5
2,2021-02-01 06:17:45,2021-02-01 06:24:18,1,1.04,1,N,263,75,1,6.5,0,0.5,1.96,0,0.3,11.76,2.5
2,2021-02-01 06:49:13,2021-02-01 07:18:55,1,11.41,1,N,68,227,2,33.5,0,0.5,0,0,0.3,36.8,2.5
2,2021-02-01 06:17:59,2021-02-01 06:40:13,1,5.87,1,N,75,246,1,21,0,0.5,2,0,0.3,26.3,2.5
2,2021-02-01 06:43:46,2021-02-01 06:46:49,1,.72,1,N,246,48,1,4.5,0,0.5,2.34,0,0.3,10.14,2.5
2,2021-02-01 06:51:48,2021-02-01 06:56:02,1,1.11,1,N,48,142,2,5.5,0,0.5,0,0,0.3,8.8,2.5
1,2021-02-01 06:40:11,2021-02-01 06:47:44,1,1.10,1,N,100,137,1,7,2.5,0.5,2.05,0,0.3,12.35,2.5
1,2021-02-01 06:58:16,2021-02-01 07:06:22,2,1.60,1,Y,164,43,1,8,2.5,0.5,2.25,0,0.3,13.55,2.5
1,2021-02-01 06:03:43,2021-02-01 06:07:52,1,1.20,1,N,79,137,1,5.5,2.5,0.5,0,0,0.3,8.8,2.5
1,2021-02-01 06:22:56,2021-02-01 06:38:32,1,3.60,1,Y,263,234,1,13,2.5,0.5,5,0,0.3,21.3,2.5
1,2021-02-01 06:53:07,2021-02-01 07:02:33,1,2.30,1,N,79,170,1,9,2.5,0.5,1,0,0.3,13.3,2.5
2,2021-02-01 03:51:48,2021-02-01 03:56:33,1,1.56,1,N,233,141,1,6.5,0,0.5,1.96,0,0.3,11.76,2.5
2,2021-02-01 04:01:45,2021-02-01 04:17:20,1,4.27,1,N,263,4,2,14.5,0,0.5,0,0,0.3,17.8,2.5
2,2021-02-01 04:02:38,2021-02-01 04:12:21,1,1.40,1,N,263,43,1,8,0,0.5,3.39,0,0.3,14.69,2.5
2,2021-02-01 06:36:10,2021-02-01 06:51:10,1,5.40,1,N,238,125,1,17,0,0.5,6.09,0,0.3,26.39,2.5
1,2021-02-01 06:50:17,2021-02-01 06:53:58,1,.50,1,N,140,263,1,4.5,2.5,0.5,2.3,0,0.3,10.1,2.5
2,2021-02-01 06:31:28,2021-02-01 06:43:54,2,4.47,1,N,107,75,1,14.5,0,0.5,3.56,0,0.3,21.36,2.5
2,2021-02-01 06:49:52,2021-02-01 06:57:13,2,1.63,1,N,236,239,2,7.5,0,0.5,0,0,0.3,10.8,2.5
1,2021-02-01 06:16:23,2021-02-01 06:33:11,1,3.20,1,N,229,75,3,13,2.5,0.5,0,0,0.3,16.3,2.5
1,2021-02-01 06:38:18,2021-02-01 06:49:13,1,2.40,1,N,236,143,1,10,2.5,0.5,3.3,0,0.3,16.6,2.5
2,2021-02-01 06:58:54,2021-02-01 07:13:52,1,3.85,1,N,48,13,2,14.5,0,0.5,0,0,0.3,17.8,2.5
2,2021-02-01 06:30:33,2021-02-01 06:32:18,1,.32,1,N,48,48,2,3.5,0,0.5,0,0,0.3,6.8,2.5
2,2021-02-01 06:34:13,2021-02-01 07:19:02,1,16.32,1,N,50,7,2,48,0,0.5,0,6.12,0.3,57.42,2.5
2,2021-02-01 06:48:30,2021-02-01 07:02:44,1,5.89,1,N,141,231,1,18.5,0,0.5,5,0,0.3,26.8,2.5
1,2021-02-01 06:45:58,2021-02-01 07:14:07,1,.00,1,N,45,14,1,26.2,0,0.5,0,0,0.3,27,0
2,2021-02-01 06:30:00,2021-02-01 06:50:07,1,4.93,1,N,48,74,2,17,0,0.5,0,0,0.3,20.3,2.5
2,2021-02-01 06:50:27,2021-02-01 07:04:20,1,4.53,1,N,74,244,2,15,0,0.5,0,0,0.3,15.8,0
2,2021-02-01 06:47:00,2021-02-01 06:47:16,1,.00,5,N,265,265,1,45,0,0,0,13.75,0.3,59.05,0
2,2021-02-01 06:32:43,2021-02-01 06:37:33,3,1.49,1,N,107,229,2,6.5,0,0.5,0,0,0.3,9.8,2.5
1,2021-02-01 06:37:46,2021-02-01 06:57:43,0,9.00,1,N,75,45,1,26.5,2.5,0.5,0,0,0.3,29.8,2.5
2,2021-02-01 06:51:24,2021-02-01 06:58:07,1,1.62,1,N,141,161,1,7,0,0.5,1.7,0,0.3,12,2.5
2,2021-02-01 06:33:05,2021-02-01 06:51:50,1,3.96,1,N,75,164,2,15,0,0.5,0,0,0.3,18.3,2.5
2,2021-02-01 06:56:30,2021-02-01 07:05:12,1,.98,1,N,164,233,2,7,0,0.5,0,0,0.3,10.3,2.5
2,2021-02-01 06:06:46,2021-02-01 06:13:18,4,1.21,1,N,48,90,2,6.5,0,0.5,0,0,0.3,9.8,2.5
2,2021-02-01 06:39:53,2021-02-01 06:45:36,1,.79,1,N,230,50,1,5.5,0,0.5,0,0,0.3,8.8,2.5
2,2021-02-01 06:57:40,2021-02-01 07:03:14,1,.70,1,N,186,234,1,5,0,0.5,0,0,0.3,8.3,2.5
2,2021-02-01 06:51:18,2021-02-01 06:57:00,1,.99,1,N,137,170,1,5.5,0,0.5,1.76,0,0.3,10.56,2.5
1,2021-02-01 06:51:35,2021-02-01 07:01:49,1,1.30,1,N,186,137,1,8,2.5,0.5,2.25,0,0.3,13.55,2.5
2,2021-02-01 06:51:32,2021-02-01 07:02:49,1,3.33,1,N,32,60,2,11,0,0.5,0,0,0.3,11.8,0
2,2021-02-01 05:55:33,2021-02-01 05:57:12,1,.29,1,N,262,262,1,3.5,0,0.5,0.5,0,0.3,7.3,2.5
2,2021-02-01 06:37:23,2021-02-01 06:50:55,1,2.82,1,N,238,161,1,11.5,0,0.5,2.96,0,0.3,17.76,2.5
2,2021-02-01 06:09:48,2021-02-01 06:24:37,1,4.04,1,N,186,75,1,14,0,0.5,2,0,0.3,19.3,2.5
2,2021-02-01 06:46:47,2021-02-01 06:57:08,1,1.36,1,N,186,170,2,8.5,0,0.5,0,0,0.3,11.8,2.5
2,2021-02-01 06:45:24,2021-02-01 06:49:09,6,.90,1,N,186,170,1,5,0,0.5,0.83,0,0.3,9.13,2.5
2,2021-02-01 06:16:08,2021-02-01 06:43:24,1,8.80,1,N,226,261,1,27,0,0.5,0,0,0.3,30.3,2.5
2,2021-02-01 06:10:57,2021-02-01 06:22:14,1,2.21,1,N,186,211,1,9,0,0.5,2,0,0.3,14.3,2.5
2,2021-02-01 06:30:25,2021-02-01 06:42:04,1,2.09,1,N,113,170,1,9,0,0.5,2.46,0,0.3,14.76,2.5
2,2021-02-01 06:46:13,2021-02-01 06:51:38,1,.92,1,N,170,137,1,5.5,0,0.5,2,0,0.3,10.8,2.5
2,2021-02-01 06:29:47,2021-02-01 06:45:51,1,3.12,1,N,186,140,1,13,0,0.5,4.89,0,0.3,21.19,2.5
2,2021-02-01 06:51:53,2021-02-01 07:08:51,1,4.24,1,N,141,141,1,15.5,0,0.5,5.64,0,0.3,24.44,2.5
1,2021-02-01 06:32:59,2021-02-01 07:01:02,1,10.80,1,N,75,181,1,31.5,2.5,0.5,2,0,0.3,36.8,2.5
2,2021-02-01 06:21:40,2021-02-01 06:30:27,1,2.49,1,N,141,137,1,9.5,0,0.5,2.56,0,0.3,15.36,2.5
1,2021-02-01 06:13:24,2021-02-01 06:18:40,1,.60,1,N,100,170,2,5.5,2.5,0.5,0,0,0.3,8.8,2.5
1,2021-02-01 06:43:26,2021-02-01 06:47:21,1,.80,1,N,100,161,1,5,2.5,0.5,1.66,0,0.3,9.96,2.5
1,2021-02-01 06:59:06,2021-02-01 07:03:41,1,.70,1,N,100,50,1,5,2.5,0.5,0,0,0.3,8.3,2.5
2,2021-02-01 06:58:16,2021-02-01 07:07:53,1,1.34,1,N,142,237,2,8,0,0.5,0,0,0.3,11.3,2.5
2,2021-02-01 06:10:23,2021-02-01 06:12:55,1,.00,1,N,226,226,2,2.5,0,0.5,0,0,0.3,3.3,0
2,2021-02-01 06:13:34,2021-02-01 06:14:06,1,.00,1,N,226,226,2,2.5,0,0.5,0,0,0.3,3.3,0
2,2021-02-01 06:20:19,2021-02-01 06:30:38,1,2.65,1,N,239,100,1,10,0,0.5,3.32,0,0.3,16.62,2.5
2,2021-02-01 06:44:17,2021-02-01 06:54:02,1,1.67,1,N,100,137,1,8.5,0,0.5,2.95,0,0.3,14.75,2.5
2,2021-02-01 06:58:38,2021-02-01 07:12:01,2,4.03,1,N,263,159,1,13.5,0,0.5,10,0,0.3,26.8,2.5
2,2021-02-01 06:40:07,2021-02-01 06:54:12,1,3.00,1,N,100,140,1,12,0,0.5,0,0,0.3,15.3,2.5
2,2021-02-01 06:19:50,2021-02-01 06:25:35,1,1.78,1,N,233,140,1,7,0,0.5,2.06,0,0.3,12.36,2.5
2,2021-02-01 06:31:19,2021-02-01 06:36:01,1,.60,1,N,262,236,1,5,0,0.5,0,0,0.3,8.3,2.5
2,2021-02-01 06:47:56,2021-02-01 07:00:27,1,4.76,1,N,262,107,1,15.5,0,0.5,4.7,0,0.3,23.5,2.5
2,2021-02-01 06:05:40,2021-02-01 06:15:08,1,2.16,1,N,236,230,1,8.5,0.5,0.5,2.46,0,0.3,14.76,2.5
2,2021-02-01 06:02:05,2021-02-01 06:08:18,2,1.51,1,N,74,75,2,7,0,0.5,0,0,0.3,7.8,0
2,2021-02-01 06:10:27,2021-02-01 06:18:38,2,2.38,1,N,75,236,1,9,0,0.5,3,0,0.3,15.3,2.5
2,2021-02-01 06:48:36,2021-02-01 06:58:55,2,2.97,1,N,107,140,2,10.5,0,0.5,0,0,0.3,13.8,2.5
2,2021-02-01 06:57:34,2021-02-01 07:11:24,2,3.18,1,N,170,75,2,12,0,0.5,0,0,0.3,15.3,2.5
2,2021-02-01 06:21:26,2021-02-01 07:11:15,4,19.33,1,N,132,254,1,53,0,0.5,11.98,6.12,0.3,71.9,0
2,2021-02-01 06:13:55,2021-02-01 06:21:52,1,1.70,1,N,236,162,1,7.5,0,0.5,3.24,0,0.3,14.04,2.5
2,2021-02-01 06:25:26,2021-02-01 06:32:33,1,1.25,1,N,170,246,1,6.5,0,0.5,2.45,0,0.3,12.25,2.5
2,2021-02-01 06:58:37,2021-02-01 07:06:34,1,1.42,1,N,238,75,1,7,0,0.5,3.09,0,0.3,13.39,2.5
2,2021-02-01 06:11:56,2021-02-01 06:21:44,1,2.21,1,N,48,246,2,8.5,0,0.5,0,0,0.3,11.8,2.5
2,2021-02-01 06:50:54,2021-02-01 06:58:12,1,1.36,1,N,100,50,2,7,0,0.5,0,0,0.3,10.3,2.5
2,2021-02-01 06:17:08,2021-02-01 06:22:43,1,1.24,1,N,75,74,2,6,0,0.5,0,0,0.3,6.8,0
2,2021-02-01 07:47:31,2021-02-01 07:55:51,5,1.59,1,N,239,143,1,7.5,0,0.5,2.16,0,0.3,12.96,2.5
1,2021-02-01 07:06:10,2021-02-01 07:20:12,1,2.80,1,N,236,42,2,11.5,2.5,0.5,0,0,0.3,14.8,2.5
1,2021-02-01 07:23:04,2021-02-01 07:31:18,1,1.60,1,N,42,41,2,7.5,0,0.5,0,0,0.3,8.3,0
1,2021-02-01 07:35:39,2021-02-01 07:41:11,1,.90,1,N,75,166,2,6,0,0.5,0,0,0.3,6.8,0
1,2021-02-01 07:52:06,2021-02-01 07:57:22,1,1.00,1,N,238,142,1,5.5,2.5,0.5,1.32,0,0.3,10.12,2.5
1,2021-02-01 07:58:37,2021-02-01 08:07:25,1,1.80,1,N,142,48,1,8,2.5,0.5,2.25,0,0.3,13.55,2.5
1,2021-02-01 07:58:24,2021-02-01 08:06:37,2,1.10,1,N,262,140,1,7,2.5,0.5,1.55,0,0.3,11.85,2.5
2,2021-02-01 07:15:40,2021-02-01 07:21:41,6,1.57,1,N,186,158,1,6.5,0,0.5,1.96,0,0.3,11.76,2.5
2,2021-02-01 07:43:24,2021-02-01 07:49:55,1,1.33,1,N,166,151,2,6.5,0,0.5,0,0,0.3,7.3,0
1,2021-02-01 07:11:40,2021-02-01 07:21:40,1,1.40,1,N,229,140,1,8,2.5,0.5,2.26,0,0.3,13.56,2.5
1,2021-02-01 07:22:27,2021-02-01 07:37:46,1,2.60,1,N,140,140,1,12.5,2.5,0.5,3.95,0,0.3,19.75,2.5
2,2021-02-01 07:06:18,2021-02-01 07:11:27,1,.97,1,N,100,161,1,5.5,0,0.5,1,0,0.3,9.8,2.5
2,2021-02-01 07:36:24,2021-02-01 07:40:18,1,.71,1,N,100,68,1,4.5,0,0.5,1.95,0,0.3,9.75,2.5
2,2021-02-01 07:45:33,2021-02-01 07:50:01,1,.99,1,N,68,246,1,5.5,0,0.5,1.2,0,0.3,10,2.5
2,2021-02-01 07:06:34,2021-02-01 07:12:04,1,1.31,1,N,170,237,1,6,0,0.5,1.86,0,0.3,11.16,2.5
2,2021-02-01 07:16:01,2021-02-01 07:34:19,1,4.16,1,N,237,142,1,15.5,0,0.5,3.76,0,0.3,22.56,2.5
2,2021-02-01 07:43:01,2021-02-01 07:45:59,1,.57,1,N,100,230,2,4,0,0.5,0,0,0.3,7.3,2.5
2,2021-02-01 07:56:59,2021-02-01 08:13:06,1,4.19,1,N,107,75,1,14.5,0,0.5,2,0,0.3,19.8,2.5
1,2021-02-01 07:43:56,2021-02-01 07:51:28,1,1.40,1,N,107,170,2,7,2.5,0.5,0,0,0.3,10.3,2.5
1,2021-02-01 07:20:42,2021-02-01 07:48:15,2,8.60,1,N,132,95,2,26.5,0,0.5,0,0,0.3,27.3,0
2,2021-02-01 07:11:57,2021-02-01 07:16:20,1,1.73,1,N,229,107,1,6.5,0,0.5,1.2,0,0.3,11,2.5
2,2021-02-01 07:21:21,2021-02-01 07:30:22,1,2.35,1,N,137,140,1,9.5,0,0.5,2,0,0.3,14.8,2.5
2,2021-02-01 07:38:29,2021-02-01 07:43:02,1,.62,1,N,263,236,2,4.5,0,0.5,0,0,0.3,7.8,2.5
2,2021-02-01 07:35:51,2021-02-01 07:41:56,1,1.41,1,N,116,41,2,6.5,0,0.5,0,0,0.3,7.3,0
2,2021-02-01 07:43:38,2021-02-01 07:53:59,1,2.06,1,N,41,75,2,9,0,0.5,0,0,0.3,9.8,0
1,2021-02-01 07:15:54,2021-02-01 07:34:03,0,3.70,1,N,116,236,1,14.5,0,0.5,2,0,0.3,17.3,0
1,2021-02-01 07:06:45,2021-02-01 07:17:48,1,2.20,1,N,186,237,1,9.5,2.5,0.5,2.55,0,0.3,15.35,2.5
1,2021-02-01 07:46:22,2021-02-01 07:52:13,1,1.30,1,N,186,158,1,6,2.5,0.5,1.85,0,0.3,11.15,2.5
2,2021-02-01 07:18:01,2021-02-01 07:31:14,1,2.00,1,N,141,162,1,9.5,0,0.5,0,0,0.3,12.8,2.5
2,2021-02-01 07:06:08,2021-02-01 07:15:24,1,1.42,1,N,186,137,1,8,0,0.5,3.39,0,0.3,14.69,2.5
2,2021-02-01 07:20:10,2021-02-01 07:27:29,1,2.53,1,N,137,232,2,9,0,0.5,0,0,0.3,12.3,2.5
2,2021-02-01 07:38:18,2021-02-01 07:43:21,1,.82,1,N,107,137,1,5.5,0,0.5,1,0,0.3,9.8,2.5
2,2021-02-01 07:13:55,2021-02-01 07:27:18,2,2.14,1,N,238,140,1,10.5,0,0.5,3.45,0,0.3,17.25,2.5
2,2021-02-01 07:30:18,2021-02-01 07:37:47,1,1.40,1,N,140,162,1,7,0,0.5,1,0,0.3,11.3,2.5
2,2021-02-01 07:43:18,2021-02-01 07:53:50,1,1.63,1,N,170,137,1,8.5,0,0.5,2.95,0,0.3,14.75,2.5
2,2021-02-01 07:35:42,2021-02-01 07:40:43,1,.83,1,N,246,100,1,5.5,0,0.5,1.76,0,0.3,10.56,2.5
1,2021-02-01 07:21:38,2021-02-01 07:25:13,1,.50,1,N,162,161,1,4.5,2.5,0.5,2,0,0.3,9.8,2.5
1,2021-02-01 07:42:54,2021-02-01 07:54:17,1,1.30,1,N,186,137,1,8,2.5,0.5,2.25,0,0.3,13.55,2.5
1,2021-02-01 07:59:51,2021-02-01 08:06:16,1,1.30,1,N,137,229,1,6.5,2.5,0.5,2,0,0.3,11.8,2.5
2,2021-02-01 07:32:28,2021-02-01 07:35:38,2,.75,1,N,141,229,1,4.5,0,0.5,1,0,0.3,8.8,2.5
2,2021-02-01 07:49:51,2021-02-01 07:53:29,2,.92,1,N,262,140,1,5,0,0.5,2.7,0,0.3,11,2.5
2,2021-02-01 07:59:43,2021-02-01 08:07:02,2,1.50,1,N,263,75,1,7.5,0,0.5,2.16,0,0.3,12.96,2.5
1,2021-02-01 07:07:16,2021-02-01 07:15:47,1,1.90,1,N,141,75,1,8,2.5,0.5,3.35,0,0.3,14.65,2.5
1,2021-02-01 07:19:19,2021-02-01 07:46:13,1,4.00,1,N,43,161,1,18,2.5,0.5,4.25,0,0.3,25.55,2.5
2,2021-02-01 07:06:17,2021-02-01 07:12:21,2,1.24,1,N,186,161,1,6.5,0,0.5,1.96,0,0.3,11.76,2.5
2,2021-02-01 07:19:34,2021-02-01 07:29:08,2,1.82,1,N,170,48,1,8.5,0,0.5,2.95,0,0.3,14.75,2.5
2,2021-02-01 07:43:02,2021-02-01 07:50:08,2,1.38,1,N,142,48,2,6.5,0,0.5,0,0,0.3,9.8,2.5
1,2021-02-01 07:36:36,2021-02-01 07:39:05,1,.60,1,N,79,4,1,4,2.5,0.5,1.8,0,0.3,9.1,2.5
1,2021-02-01 07:44:39,2021-02-01 07:51:15,0,1.60,1,N,107,162,1,7,2.5,0.5,3.05,0,0.3,13.35,2.5
1,2021-02-01 07:30:17,2021-02-01 07:32:34,1,.30,1,N,107,107,1,3.5,2.5,0.5,1,0,0.3,7.8,2.5
1,2021-02-01 07:41:07,2021-02-01 07:47:28,2,.70,1,N,164,170,1,5.5,2.5,0.5,2.6,0,0.3,11.4,2.5
1,2021-02-01 07:55:46,2021-02-01 08:09:30,1,1.90,1,N,229,142,1,10.5,2.5,0.5,2.75,0,0.3,16.55,2.5
2,2021-02-01 07:16:43,2021-02-01 07:20:57,1,1.29,1,N,162,236,2,6,0,0.5,0,0,0.3,9.3,2.5
2,2021-02-01 07:24:59,2021-02-01 07:28:16,1,1.00,1,N,262,140,1,5,0,0.5,1.66,0,0.3,9.96,2.5
2,2021-02-01 07:53:34,2021-02-01 08:12:39,1,4.00,1,N,141,68,1,15,0,0.5,5.49,0,0.3,23.79,2.5
1,2021-02-01 07:58:46,2021-02-01 08:02:50,1,.90,1,N,229,170,1,5,2.5,0.5,2.05,0,0.3,10.35,2.5
1,2021-02-01 07:45:06,2021-02-01 07:49:47,1,.70,1,N,137,107,1,5,2.5,0.5,1,0,0.3,9.3,2.5
1,2021-02-01 07:54:36,2021-02-01 07:57:19,1,.70,1,N,107,137,1,4.5,2.5,0.5,0.01,0,0.3,7.81,2.5
1,2021-02-01 07:41:32,2021-02-01 07:41:42,1,.00,1,N,74,74,3,2.5,0,0.5,0,0,0.3,3.3,0
2,2021-02-01 07:22:09,2021-02-01 07:34:24,1,2.78,1,N,238,237,2,11,0,0.5,0,0,0.3,14.3,2.5
2,2021-02-01 07:45:14,2021-02-01 07:50:17,1,.78,1,N,162,230,2,5.5,0,0.5,0,0,0.3,8.8,2.5
1,2021-02-01 07:17:29,2021-02-01 07:24:38,1,1.20,1,N,237,162,1,7,2.5,0.5,2.55,0,0.3,12.85,2.5
1,2021-02-01 07:41:26,2021-02-01 07:53:50,1,2.20,1,N,263,238,1,10,2.5,0.5,2,0,0.3,15.3,2.5
2,2021-02-01 07:23:18,2021-02-01 07:26:20,4,.58,1,N,141,237,1,4,0,0.5,1.46,0,0.3,8.76,2.5
2,2021-02-01 07:37:14,2021-02-01 07:43:11,4,.83,1,N,141,237,1,5.5,0,0.5,1,0,0.3,9.8,2.5
2,2021-02-01 07:52:40,2021-02-01 07:59:10,3,.84,1,N,263,75,1,6,0,0.5,1.86,0,0.3,11.16,2.5
2,2021-02-01 06:56:13,2021-02-01 07:06:21,1,3.10,1,N,142,75,1,11,0,0.5,2,0,0.3,16.3,2.5
2,2021-02-01 07:22:05,2021-02-01 07:29:13,1,1.39,1,N,143,230,1,7,0,0.5,2.06,0,0.3,12.36,2.5
2,2021-02-01 07:46:52,2021-02-01 07:51:21,1,1.23,1,N,68,48,1,6,0,0.5,3,0,0.3,12.3,2.5
1,2021-02-01 07:34:01,2021-02-01 07:49:20,1,2.90,1,N,107,140,1,11,2.5,0.5,2.86,0,0.3,17.16,2.5
1,2021-02-01 07:49:49,2021-02-01 07:57:19,1,.60,1,N,140,141,2,5,2.5,0.5,0,0,0.3,8.3,2.5
2,2021-02-01 07:03:27,2021-02-01 07:11:50,1,2.39,1,N,263,161,1,9,0,0.5,1.5,0,0.3,13.8,2.5
2,2021-02-01 07:50:14,2021-02-01 07:54:59,1,1.00,1,N,170,162,2,5.5,0,0.5,0,0,0.3,8.8,2.5
2,2021-02-01 07:34:45,2021-02-01 07:44:30,1,2.30,1,N,238,50,1,9,0,0.5,2.46,0,0.3,14.76,2.5
2,2021-02-01 07:53:02,2021-02-01 08:07:17,1,3.60,1,N,50,41,2,13,0,0.5,0,0,0.3,16.3,2.5
2,2021-02-01 07:01:39,2021-02-01 07:04:47,1,.56,1,N,151,238,1,4,0,0.5,1.82,0,0.3,9.12,2.5
2,2021-02-01 07:10:27,2021-02-01 07:16:58,1,1.20,1,N,239,236,1,6.5,0,0.5,1.96,0,0.3,11.76,2.5
2,2021-02-01 07:43:23,2021-02-01 07:48:51,1,.66,1,N,141,140,2,5.5,0,0.5,0,0,0.3,8.8,2.5
2,2021-02-01 07:51:16,2021-02-01 07:54:44,1,.26,1,N,140,140,2,4,0,0.5,0,0,0.3,7.3,2.5
1,2021-02-01 07:15:32,2021-02-01 07:24:03,1,2.20,1,N,263,74,1,9,2.5,0.5,2.45,0,0.3,14.75,2.5
1,2021-02-01 07:32:10,2021-02-01 07:36:54,1,1.50,1,N,74,262,2,6.5,2.5,0.5,0,0,0.3,9.8,2.5
1,2021-02-01 07:39:25,2021-02-01 07:45:21,1,2.50,1,N,262,233,1,9,2.5,0.5,2.45,0,0.3,14.75,2.5
1,2021-02-01 07:50:33,2021-02-01 07:58:11,1,1.60,1,Y,229,137,2,7.5,2.5,0.5,0,0,0.3,10.8,2.5
2,2021-02-01 07:03:23,2021-02-01 07:06:03,2,.43,1,N,141,141,1,3.5,0,0.5,1.36,0,0.3,8.16,2.5
2,2021-02-01 07:10:31,2021-02-01 07:23:29,2,6.31,1,N,140,209,1,18.5,0,0.5,4.36,0,0.3,26.16,2.5
2,2021-02-01 07:48:13,2021-02-01 07:56:00,2,2.58,1,N,158,230,1,9,0,0.5,0,0,0.3,12.3,2.5
2,2021-02-01 07:57:43,2021-02-01 08:16:25,2,3.17,1,N,107,50,1,14,0,0.5,6.8,0,0.3,24.1,2.5
1,2021-02-01 07:00:24,2021-02-01 07:12:54,1,2.60,1,N,236,161,1,10.5,2.5,0.5,4.1,0,0.3,17.9,2.5
1,2021-02-01 07:28:05,2021-02-01 07:32:48,1,.60,1,N,107,137,1,5,2.5,0.5,1,0,0.3,9.3,2.5
1,2021-02-01 07:47:31,2021-02-01 07:49:47,1,.20,1,N,141,237,2,3.5,2.5,0.5,0,0,0.3,6.8,2.5
1,2021-02-01 07:55:55,2021-02-01 08:25:03,1,8.00,1,N,236,231,2,27,2.5,0.5,0,0,0.3,30.3,2.5
2,2021-02-01 07:55:54,2021-02-01 08:04:21,1,3.05,1,N,137,262,1,10,0,0.5,2.66,0,0.3,15.96,2.5
1,2021-02-01 07:11:46,2021-02-01 07:14:21,0,.60,1,N,42,41,2,4,0,0.5,0,0,0.3,4.8,0
1,2021-02-01 07:32:19,2021-02-01 07:42:46,0,2.40,1,N,74,140,2,9.5,2.5,0.5,0,0,0.3,12.8,2.5
2,2021-02-01 07:28:53,2021-02-01 07:36:20,3,1.63,1,N,236,162,2,7.5,0,0.5,0,0,0.3,10.8,2.5
2,2021-02-01 07:44:55,2021-02-01 07:58:11,3,1.84,1,N,141,100,2,10,0,0.5,0,0,0.3,13.3,2.5
2,2021-02-01 07:03:02,2021-02-01 07:10:28,1,1.97,1,N,140,162,1,8,0,0.5,2.26,0,0.3,13.56,2.5
2,2021-02-01 07:12:22,2021-02-01 07:14:35,1,.93,1,N,162,170,1,4.5,0,0.5,1.2,0,0.3,9,2.5
2,2021-02-01 07:25:26,2021-02-01 07:30:18,1,1.41,1,N,229,137,1,6,0,0.5,2.79,0,0.3,12.09,2.5
2,2021-02-01 07:35:21,2021-02-01 07:37:22,1,.18,1,N,229,229,1,3.5,0,0.5,0,0,0.3,6.8,2.5
2,2021-02-01 07:43:45,2021-02-01 07:57:25,1,2.95,1,N,140,239,2,12,0,0.5,0,0,0.3,15.3,2.5
1,2021-02-01 07:07:57,2021-02-01 07:31:21,1,4.60,1,N,151,170,1,18,2.5,0.5,6.35,0,0.3,27.65,2.5
1,2021-02-01 07:48:54,2021-02-01 07:52:17,1,1.10,1,N,263,141,1,5,2.5,0.5,2.45,0,0.3,10.75,2.5
1,2021-02-01 07:56:39,2021-02-01 08:03:06,1,1.20,1,Y,263,236,2,6.5,2.5,0.5,0,0,0.3,9.8,2.5
2,2021-02-01 07:17:21,2021-02-01 07:17:38,1,.05,1,N,136,136,2,2.5,0,0.5,0,0,0.3,3.3,0
2,2021-02-01 07:09:16,2021-02-01 07:13:09,1,.88,1,N,186,230,1,5,0,0.5,1,0,0.3,9.3,2.5
2,2021-02-01 07:21:51,2021-02-01 07:25:04,1,.44,1,N,186,48,2,3.5,0,0.5,0,0,0.3,6.8,2.5
2,2021-02-01 07:58:29,2021-02-01 08:04:24,1,.77,1,N,68,100,1,5.5,0,0.5,1.76,0,0.3,10.56,2.5
2,2021-02-01 07:54:29,2021-02-01 08:00:18,1,.97,1,N,151,166,2,6,0,0.5,0,0,0.3,6.8,0
2,2021-02-01 07:14:45,2021-02-01 07:29:03,1,7.00,1,N,140,13,2,21,0,0.5,0,0,0.3,24.3,2.5
2,2021-02-01 07:41:28,2021-02-01 07:48:39,1,1.03,1,N,144,79,1,6.5,0,0.5,1.96,0,0.3,11.76,2.5
2,2021-02-01 07:38:00,2021-02-01 07:58:36,1,4.07,1,N,86,203,1,15.5,0,0.5,0.05,0,0.3,16.35,0
1,2021-02-01 07:13:26,2021-02-01 07:17:42,1,1.10,1,N,229,141,2,5.5,2.5,0.5,0,0,0.3,8.8,2.5
1,2021-02-01 07:33:38,2021-02-01 07:51:30,1,3.00,1,N,140,186,1,14,2.5,0.5,3.45,0,0.3,20.75,2.5
1,2021-02-01 07:01:41,2021-02-01 07:13:00,1,1.50,1,N,75,151,2,9,0,0.5,0,0,0.3,9.8,0
1,2021-02-01 07:40:04,2021-02-01 07:54:36,1,2.40,1,N,142,236,1,11.5,2.5,0.5,2.95,0,0.3,17.75,2.5
2,2021-02-01 07:44:32,2021-02-01 07:52:02,5,1.26,1,N,234,161,2,7,0,0.5,0,0,0.3,10.3,2.5
1,2021-02-01 07:32:56,2021-02-01 07:49:24,1,4.90,1,N,107,238,1,16,2.5,0.5,3,0,0.3,22.3,2.5
2,2021-02-01 07:11:34,2021-02-01 07:22:57,1,2.23,1,N,142,236,2,9.5,0,0.5,0,0,0.3,12.8,2.5
2,2021-02-01 07:45:00,2021-02-01 07:52:33,1,1.41,1,N,236,141,1,7,0,0.5,2.06,0,0.3,12.36,2.5
2,2021-02-01 07:54:30,2021-02-01 08:12:41,1,3.95,1,N,140,41,2,15,0,0.5,0,0,0.3,18.3,2.5
2,2021-02-01 07:58:56,2021-02-01 08:13:34,1,3.16,1,N,143,90,1,12,0,0.5,2.3,0,0.3,17.6,2.5
1,2021-02-01 07:33:15,2021-02-01 08:17:47,1,.00,1,N,14,177,1,38.2,0,0.5,0,0,0.3,39,0
2,2021-02-01 07:27:48,2021-02-01 07:28:16,1,.00,1,N,166,166,1,2.5,0,0.5,2,6.12,0.3,11.42,0
1,2021-02-01 07:09:14,2021-02-01 07:15:46,1,1.90,1,N,113,230,1,8,2.5,0.5,2.8,0,0.3,14.1,2.5
1,2021-02-01 07:29:39,2021-02-01 07:36:42,1,1.70,1,N,246,161,1,7.5,2.5,0.5,2.15,0,0.3,12.95,2.5
2,2021-02-01 07:00:11,2021-02-01 07:04:24,1,1.23,1,N,236,140,2,5.5,0,0.5,0,0,0.3,8.8,2.5
2,2021-02-01 07:13:13,2021-02-01 07:18:35,3,.73,1,N,263,75,1,5.5,0,0.5,1.26,0,0.3,7.56,0
2,2021-02-01 07:20:45,2021-02-01 07:22:51,1,.52,1,N,75,75,2,4,0,0.5,0,0,0.3,4.8,0
1,2021-02-01 07:07:09,2021-02-01 07:10:57,1,.90,1,N,186,234,2,5,2.5,0.5,0,0,0.3,8.3,2.5
1,2021-02-01 07:23:46,2021-02-01 07:31:41,1,1.40,1,N,186,137,1,7,2.5,0.5,2.05,0,0.3,12.35,2.5
1,2021-02-01 07:47:26,2021-02-01 07:54:25,1,1.10,1,N,170,137,1,6.5,2.5,0.5,1.95,0,0.3,11.75,2.5
1,2021-02-01 07:29:58,2021-02-01 07:45:38,1,3.90,1,N,236,234,1,14,2.5,0.5,3.46,0,0.3,20.76,2.5
1,2021-02-01 07:51:21,2021-02-01 08:08:25,1,3.20,1,Y,113,229,1,13,2.5,0.5,3.25,0,0.3,19.55,2.5
2,2021-02-01 07:08:19,2021-02-01 07:19:41,1,2.06,1,N,74,140,2,9,0,0.5,0,0,0.3,12.3,2.5
2,2021-02-01 07:21:53,2021-02-01 07:35:04,1,2.20,1,N,262,238,1,10,0,0.5,1.5,0,0.3,14.8,2.5
2,2021-02-01 07:44:11,2021-02-01 07:51:57,1,1.19,1,N,239,236,1,7,0,0.5,3.09,0,0.3,13.39,2.5
2,2021-02-01 06:59:04,2021-02-01 07:06:10,1,1.98,1,N,229,107,1,8,0,0.5,1,0,0.3,12.3,2.5
2,2021-02-01 07:09:32,2021-02-01 07:13:13,1,.82,1,N,107,137,2,5,0,0.5,0,0,0.3,8.3,2.5
2,2021-02-01 07:15:09,2021-02-01 07:21:29,1,1.68,1,N,137,141,1,7,0,0.5,3,0,0.3,13.3,2.5
2,2021-02-01 07:36:25,2021-02-01 07:38:50,1,.52,1,N,162,170,2,4,0,0.5,0,0,0.3,7.3,2.5
2,2021-02-01 07:48:13,2021-02-01 07:52:31,1,.78,1,N,162,137,1,5,0,0.5,1.66,0,0.3,9.96,2.5
2,2021-02-01 07:01:22,2021-02-01 07:11:44,2,1.96,1,N,262,162,2,8.5,0,0.5,0,0,0.3,11.8,2.5
2,2021-02-01 07:23:18,2021-02-01 07:27:52,2,1.04,1,N,137,79,1,5.5,0,0.5,1.76,0,0.3,10.56,2.5
2,2021-02-01 07:30:18,2021-02-01 07:33:34,3,.65,1,N,107,137,2,4.5,0,0.5,0,0,0.3,7.8,2.5
2,2021-02-01 07:54:47,2021-02-01 08:09:22,3,3.73,1,N,107,262,1,13.5,0,0.5,3.36,0,0.3,20.16,2.5
2,2021-02-01 07:50:45,2021-02-01 08:06:19,1,2.22,1,N,48,137,1,11,0,0.5,2.86,0,0.3,17.16,2.5
1,2021-02-01 07:20:22,2021-02-01 07:25:43,1,1.20,1,N,140,236,1,5.5,2.5,0.5,3.2,0,0.3,12,2.5
2,2021-02-01 07:29:23,2021-02-01 07:53:14,1,6.50,1,N,166,137,1,21.5,0,0.5,2,0,0.3,26.8,2.5
2,2021-02-01 07:58:48,2021-02-01 08:05:52,1,.75,1,N,229,140,2,6,0,0.5,0,0,0.3,9.3,2.5
2,2021-02-01 07:07:00,2021-02-01 07:13:04,2,1.11,1,N,42,74,1,6,0,0.5,2,0,0.3,8.8,0
2,2021-02-01 07:23:16,2021-02-01 07:34:16,2,1.98,1,N,75,238,1,9,0,0.5,2.46,0,0.3,14.76,2.5
2,2021-02-01 07:43:13,2021-02-01 07:54:00,2,1.61,1,N,239,230,1,8.5,0,0.5,2.36,0,0.3,14.16,2.5
1,2021-02-01 07:15:16,2021-02-01 07:16:26,1,.00,1,N,186,186,3,3,2.5,0.5,0,0,0.3,6.3,2.5
1,2021-02-01 07:40:55,2021-02-01 07:52:31,1,2.60,1,N,230,238,2,10.5,2.5,0.5,0,0,0.3,13.8,2.5
2,2021-02-01 07:11:04,2021-02-01 07:17:04,1,1.48,1,N,43,161,1,6.5,0,0.5,1.96,0,0.3,11.76,2.5
2,2021-02-01 07:45:36,2021-02-01 07:59:09,1,2.74,1,N,186,237,1,11,0,0.5,1.5,0,0.3,15.8,2.5
1,2021-02-01 07:06:10,2021-02-01 07:22:58,2,2.90,1,N,186,140,1,13,2.5,0.5,4.05,0,0.3,20.35,2.5
1,2021-02-01 07:31:01,2021-02-01 07:35:29,2,.90,1,N,237,162,1,5,2.5,0.5,0.8,0,0.3,9.1,2.5
1,2021-02-01 07:40:48,2021-02-01 07:49:25,2,1.80,1,N,162,90,1,8,2.5,0.5,2.25,0,0.3,13.55,2.5
1,2021-02-01 07:59:46,2021-02-01 08:41:10,1,.00,1,N,134,17,1,24.2,0,0.5,0,0,0.3,25,0
2,2021-02-01 07:16:23,2021-02-01 07:25:53,1,2.96,1,N,237,74,2,10.5,0,0.5,0,0,0.3,13.8,2.5
2,2021-02-01 07:40:00,2021-02-01 07:47:22,1,1.53,1,N,236,140,2,7,0,0.5,0,0,0.3,10.3,2.5
1,2021-02-01 07:39:32,2021-02-01 08:17:15,1,.00,1,N,261,208,1,37.2,0,0.5,0,0,0.3,38,0
2,2021-02-01 07:10:56,2021-02-01 07:11:06,1,.02,1,N,141,141,2,2.5,0,0.5,0,0,0.3,5.8,2.5
2,2021-02-01 07:15:00,2021-02-01 07:23:13,1,1.72,1,N,141,162,1,8,0,0.5,2.26,0,0.3,13.56,2.5
2,2021-02-01 07:41:06,2021-02-01 07:45:58,1,1.43,1,N,233,141,1,6,0,0.5,1,0,0.3,10.3,2.5
2,2021-02-01 07:54:16,2021-02-01 08:06:36,1,3.03,1,N,263,24,2,11.5,0,0.5,0,0,0.3,14.8,2.5
1,2021-02-01 07:02:16,2021-02-01 07:07:01,1,.80,1,N,141,141,1,5,2.5,0.5,1,0,0.3,9.3,2.5
1,2021-02-01 07:11:50,2021-02-01 07:18:33,1,1.50,1,N,263,140,1,7,2.5,0.5,3.05,0,0.3,13.35,2.5
1,2021-02-01 07:34:29,2021-02-01 07:46:59,1,3.30,1,N,263,137,1,12,2.5,0.5,1,0,0.3,16.3,2.5
1,2021-02-01 07:49:13,2021-02-01 07:57:15,1,2.20,1,N,137,141,1,8.5,2.5,0.5,2.35,0,0.3,14.15,2.5
2,2021-02-01 07:28:06,2021-02-01 07:42:59,1,1.60,1,N,247,159,2,10,0,0.5,0,0,0.3,10.8,0
2,2021-02-01 07:44:59,2021-02-01 07:54:27,1,1.28,1,N,159,69,2,7,0,0.5,0,0,0.3,7.8,0
1,2021-02-01 07:11:11,2021-02-01 07:25:26,1,3.20,1,N,42,236,2,12.5,2.5,0.5,0,0,0.3,15.8,2.5
2,2021-02-01 07:55:31,2021-02-01 08:04:00,1,1.28,1,N,186,137,1,7,0,0.5,2.06,0,0.3,12.36,2.5
2,2021-02-01 07:03:20,2021-02-01 07:11:56,1,2.08,1,N,239,230,1,8.5,0,0.5,2.12,0,0.3,13.92,2.5
2,2021-02-01 07:17:13,2021-02-01 07:20:26,1,.75,1,N,186,68,2,4.5,0,0.5,0,0,0.3,7.8,2.5
2,2021-02-01 07:34:53,2021-02-01 07:41:14,1,1.54,1,N,68,234,1,7,0,0.5,2.06,0,0.3,12.36,2.5
2,2021-02-01 07:46:11,2021-02-01 07:50:01,1,1.07,1,N,234,107,1,5,0,0.5,1.7,0,0.3,10,2.5
2,2021-02-01 07:55:37,2021-02-01 08:08:28,1,4.04,1,N,137,75,1,13,0,0.5,2.5,0,0.3,18.8,2.5
1,2021-02-01 07:48:26,2021-02-01 07:57:48,1,1.50,1,N,229,230,2,7.5,2.5,0.5,0,0,0.3,10.8,2.5
2,2021-02-01 07:48:11,2021-02-01 07:54:59,1,.65,1,N,141,140,1,6,0,0.5,1.86,0,0.3,11.16,2.5
2,2021-02-01 07:57:44,2021-02-01 08:12:36,1,2.18,1,N,141,143,1,11,0,0.5,2.86,0,0.3,17.16,2.5
2,2021-02-01 07:08:58,2021-02-01 07:18:32,1,2.06,1,N,146,140,1,9.5,0,0.5,0,0,0.3,12.8,2.5
2,2021-02-01 07:34:38,2021-02-01 07:41:27,1,1.25,1,N,236,75,1,6.5,0,0.5,2.45,0,0.3,12.25,2.5
2,2021-02-01 07:43:04,2021-02-01 08:03:37,1,3.27,1,N,75,143,1,14.5,0,0.5,3.56,0,0.3,21.36,2.5
2,2021-02-01 07:49:17,2021-02-01 08:01:44,1,1.79,1,N,141,161,1,9,0,0.5,2.46,0,0.3,14.76,2.5
2,2021-02-01 07:14:11,2021-02-01 07:59:39,1,17.56,1,N,261,205,2,50,0,0.5,0,0,0.3,53.3,2.5
2,2021-02-01 07:10:46,2021-02-01 07:20:58,1,1.21,1,N,41,75,2,8,0,0.5,0,0,0.3,8.8,0
2,2021-02-01 07:56:50,2021-02-01 08:19:22,1,4.92,1,N,166,243,1,18,0,0.5,2,0,0.3,20.8,0
1,2021-02-01 07:28:05,2021-02-01 07:31:18,1,1.10,1,N,74,263,2,5,0,0.5,0,0,0.3,5.8,0
1,2021-02-01 07:51:56,2021-02-01 07:58:20,1,.80,1,N,140,262,1,6,2.5,0.5,2.2,0,0.3,11.5,2.5
1,2021-02-01 07:35:09,2021-02-01 07:40:38,1,1.60,1,N,79,233,1,6.5,2.5,0.5,3,0,0.3,12.8,2.5
1,2021-02-01 07:42:06,2021-02-01 07:48:04,1,1.50,1,N,233,161,2,6.5,2.5,0.5,0,0,0.3,9.8,2.5
1,2021-02-01 07:50:44,2021-02-01 08:18:05,1,11.60,1,N,161,138,2,33,2.5,0.5,0,6.12,0.3,42.42,2.5
2,2021-02-01 07:54:22,2021-02-01 07:59:09,2,.75,1,N,237,229,2,5,0,0.5,0,0,0.3,8.3,2.5
2,2021-02-01 07:45:32,2021-02-01 07:52:02,1,.86,1,N,186,246,1,6,0,0.5,2.32,0,0.3,11.62,2.5
1,2021-02-01 07:47:18,2021-02-01 07:58:51,1,2.10,2,N,74,24,2,52,0,0.5,0,6.12,0.3,58.92,0
2,2021-02-01 07:02:59,2021-02-01 07:13:37,1,2.85,1,N,75,168,1,10.5,0,0.5,1.5,0,0.3,12.8,0
2,2021-02-01 07:44:45,2021-02-01 07:47:59,1,.83,1,N,237,162,1,4.5,0,0.5,2.34,0,0.3,10.14,2.5
2,2021-02-01 07:50:17,2021-02-01 07:53:44,1,.73,1,N,163,237,1,4.5,0,0.5,2.34,0,0.3,10.14,2.5
1,2021-02-01 07:43:44,2021-02-01 07:55:11,1,2.30,1,N,48,237,1,10,2.5,0.5,3.3,0,0.3,16.6,2.5
2,2021-02-01 07:39:15,2021-02-01 07:44:19,2,.86,1,N,50,230,2,5.5,0,0.5,0,0,0.3,8.8,2.5
2,2021-02-01 07:32:32,2021-02-01 07:40:09,1,.81,1,N,170,100,2,6.5,0,0.5,0,0,0.3,9.8,2.5
2,2021-02-01 07:58:05,2021-02-01 08:06:20,1,1.14,1,N,186,137,1,7,0,0.5,2.06,0,0.3,12.36,2.5
2,2021-02-01 07:03:50,2021-02-01 07:07:27,1,.71,1,N,263,263,2,4.5,0,0.5,0,0,0.3,7.8,2.5
2,2021-02-01 07:09:08,2021-02-01 07:19:26,1,2.21,1,N,263,43,1,9.5,0,0.5,2.56,0,0.3,15.36,2.5
2,2021-02-01 07:54:33,2021-02-01 08:00:45,1,1.51,1,N,143,50,1,7,0,0.5,0.52,0,0.3,10.82,2.5
1,2021-02-01 07:08:42,2021-02-01 07:20:51,1,3.60,1,N,140,107,1,13,2.5,0.5,1.47,0,0.3,17.77,2.5
1,2021-02-01 07:22:03,2021-02-01 07:46:05,1,6.10,1,N,107,166,1,20.5,2.5,0.5,0,0,0.3,23.8,2.5
1,2021-02-01 07:56:53,2021-02-01 08:12:24,1,2.70,1,N,238,141,1,12,2.5,0.5,5,0,0.3,20.3,2.5
2,2021-02-01 07:58:30,2021-02-01 08:00:47,2,.73,1,N,79,107,1,4,0,0.5,1.46,0,0.3,8.76,2.5
1,2021-02-01 07:11:11,2021-02-01 07:23:35,1,3.10,1,N,125,161,2,12,2.5,0.5,0,0,0.3,15.3,2.5
1,2021-02-01 07:29:28,2021-02-01 07:33:27,1,.60,1,N,162,100,2,5,2.5,0.5,0,0,0.3,8.3,2.5
1,2021-02-01 07:53:06,2021-02-01 07:58:17,1,1.00,1,N,48,143,2,6,2.5,0.5,0,0,0.3,9.3,2.5
2,2021-02-01 07:47:56,2021-02-01 07:54:07,1,.86,1,N,236,263,1,5.5,0,0.5,2.64,0,0.3,11.44,2.5
2,2021-02-01 07:55:23,2021-02-01 07:55:48,1,.00,1,N,263,263,2,2.5,0,0.5,0,0,0.3,5.8,2.5
1,2021-02-01 07:22:47,2021-02-01 07:28:13,1,1.30,1,N,186,48,1,6.5,2.5,0.5,2,0,0.3,11.8,2.5
1,2021-02-01 07:31:55,2021-02-01 07:37:00,1,.70,1,N,48,100,1,5,2.5,0.5,1.65,0,0.3,9.95,2.5
2,2021-02-01 07:05:55,2021-02-01 07:10:26,1,1.02,1,N,186,162,1,5.5,0,0.5,1.76,0,0.3,10.56,2.5
1,2021-02-01 07:11:00,2021-02-01 07:18:38,2,1.30,1,N,186,137,2,7,2.5,0.5,0,0,0.3,10.3,2.5
1,2021-02-01 07:24:53,2021-02-01 07:35:16,2,3.00,1,N,170,231,2,11,2.5,0.5,0,0,0.3,14.3,2.5
1,2021-02-01 07:48:05,2021-02-01 07:53:10,2,1.40,1,N,90,161,2,6.5,2.5,0.5,0,0,0.3,9.8,2.5
2,2021-02-01 07:20:54,2021-02-01 07:31:44,1,5.15,1,N,152,220,2,15.5,0,0.5,0,2.8,0.3,19.1,0
2,2021-02-01 07:48:57,2021-02-01 08:05:53,1,3.02,1,N,151,140,2,12.5,0,0.5,0,0,0.3,15.8,2.5
1,2021-02-01 07:14:55,2021-02-01 07:25:29,1,2.30,1,N,43,151,2,9.5,2.5,0.5,0,0,0.3,12.8,2.5
1,2021-02-01 07:44:51,2021-02-01 07:57:45,1,2.10,1,N,48,234,2,10,2.5,0.5,0,0,0.3,13.3,2.5
2,2021-02-01 07:25:11,2021-02-01 07:35:35,1,3.02,1,N,74,237,1,10.5,0,0.5,1,0,0.3,14.8,2.5
